/*
Navicat MySQL Data Transfer

Source Server         : LOCALHOST
Source Server Version : 50505
Source Host           : localhost:3306
Source Database       : gmv

Target Server Type    : MYSQL
Target Server Version : 50505
File Encoding         : 65001

Date: 2017-06-09 08:03:20
*/

SET FOREIGN_KEY_CHECKS=0;

-- ----------------------------
-- Table structure for actividad
-- ----------------------------
DROP TABLE IF EXISTS `actividad`;
CREATE TABLE `actividad` (
  `IDACTIVIDAD` text,
  `ACTIVIDAD` text,
  `IDCATEGORIA` text
) ENGINE=InnoDB DEFAULT CHARSET=latin1;

-- ----------------------------
-- Records of actividad
-- ----------------------------
INSERT INTO `actividad` VALUES ('1', 'IMPULSAR PRODUCTO UMK', '1');
INSERT INTO `actividad` VALUES ('2', 'IMPULSAR PRODUCTO NO UMK', '1');
INSERT INTO `actividad` VALUES ('3', 'MOSTRAR CATALOGO DE PRODUCTOS', '1');
INSERT INTO `actividad` VALUES ('4', 'PROMOVER PRODUCTO QUE HO HA VENDIDO ANTES', '1');
INSERT INTO `actividad` VALUES ('5', 'OFRECER SERVICIOS DE VALOR AGREGADO', '1');
INSERT INTO `actividad` VALUES ('6', 'VERIFICAR RECEPCION DE PEDIDO', '2');
INSERT INTO `actividad` VALUES ('7', 'VALIDAR COMPLETITUD DE PEDIDO RECIBIBO', '2');
INSERT INTO `actividad` VALUES ('8', 'LLENAR FORMATO FALTANTE', '3');
INSERT INTO `actividad` VALUES ('9', 'SOLICITUD DE DOCUMENTACION', '3');
INSERT INTO `actividad` VALUES ('10', 'PROMOVER PROGRAMA DE PUNTOS', '4');
INSERT INTO `actividad` VALUES ('11', 'MOSTRAR CATALOGO DE CANJES', '4');
INSERT INTO `actividad` VALUES ('12', 'LLENAR FORMATO DE CANJE', '4');
INSERT INTO `actividad` VALUES ('13', 'RECOPILAR BOUCHERS', '4');
INSERT INTO `actividad` VALUES ('14', 'RETIRAR PRODUCTO VENCIDO', '5');
INSERT INTO `actividad` VALUES ('15', 'RETIRAR PRODUCTO NO VENCIDO', '5');
INSERT INTO `actividad` VALUES ('16', 'CIERRE DE CAMPAÑA', '6');
INSERT INTO `actividad` VALUES ('17', 'PROMOVER CAMPAÑA', '6');
INSERT INTO `actividad` VALUES ('18', 'FIESTA DE ANIVERSARIO', '7');
INSERT INTO `actividad` VALUES ('19', 'LLENAR ENCUESTA', '8');

-- ----------------------------
-- Table structure for agenda
-- ----------------------------
DROP TABLE IF EXISTS `agenda`;
CREATE TABLE `agenda` (
  `IdPlan` int(10) NOT NULL AUTO_INCREMENT,
  `Vendedor` varchar(40) DEFAULT NULL,
  `Ruta` varchar(10) DEFAULT NULL,
  `Inicia` date DEFAULT NULL,
  `Termina` date DEFAULT NULL,
  `Zona` varchar(10) DEFAULT NULL,
  `Comentario` varchar(1500) DEFAULT NULL,
  `Estado` bit(1) DEFAULT NULL COMMENT 'Campo que indica si la agenda es la vigente',
  PRIMARY KEY (`IdPlan`)
) ENGINE=MyISAM AUTO_INCREMENT=54 DEFAULT CHARSET=utf8;

-- ----------------------------
-- Records of agenda
-- ----------------------------
INSERT INTO `agenda` VALUES ('19', 'Kenny Aragon', 'F11', '2017-05-22', '2017-05-26', 'F11', null, '\0');
INSERT INTO `agenda` VALUES ('12', 'Tania Marquez', 'F08', '2017-05-22', '2017-05-25', 'F08', null, '\0');
INSERT INTO `agenda` VALUES ('21', 'Ronald martinez', 'F05 ', '2017-05-22', '2017-05-26', 'F05 ', null, '\0');
INSERT INTO `agenda` VALUES ('20', 'Neyling Rodriguez', 'F09', '2017-05-22', '2017-05-26', 'F09', null, '\0');
INSERT INTO `agenda` VALUES ('13', 'Elizabeth Treminio', 'F03', '2017-05-22', '2017-05-26', 'F03', null, '\0');
INSERT INTO `agenda` VALUES ('14', 'Heydi Maria Carmona Garcia', 'F06', '2017-05-22', '2017-05-26', 'F06', null, '\0');
INSERT INTO `agenda` VALUES ('26', 'Kalia Gabriela Rayo Toru', 'F20', '2017-05-29', '2017-06-02', 'F20', null, '\0');
INSERT INTO `agenda` VALUES ('16', 'Betzaida Garmendia Villavicencio', 'F07', '2017-05-22', '2017-05-26', 'F07', null, '\0');
INSERT INTO `agenda` VALUES ('25', 'Samir Barberena', 'F19', '2017-05-29', '2017-06-02', 'F19', null, '\0');
INSERT INTO `agenda` VALUES ('18', 'Auxiliadora Mejia Pavon', 'F13', '2017-05-22', '2017-05-26', 'F13', null, '\0');
INSERT INTO `agenda` VALUES ('22', 'Samir Barberena', 'F19', '2017-05-22', '2017-05-26', 'F19', null, '\0');
INSERT INTO `agenda` VALUES ('23', 'Walter Baltodano', 'F10', '2017-05-22', '2017-05-26', 'F10', null, '\0');
INSERT INTO `agenda` VALUES ('24', 'Kalia Gabriela Rayo Toru', 'F20', '2017-05-22', '2017-05-26', 'F20', null, '\0');
INSERT INTO `agenda` VALUES ('27', 'kenny walker aragon rios ', 'F11', '1969-12-31', '1969-12-31', 'F11', null, '\0');
INSERT INTO `agenda` VALUES ('28', 'Neyling Rodriguez', 'F09', '2017-05-29', '2017-06-02', 'F09', null, '\0');
INSERT INTO `agenda` VALUES ('29', 'Ronald Martinez', 'F05 ', '2017-05-29', '2017-06-02', 'F05 ', null, '\0');
INSERT INTO `agenda` VALUES ('30', 'Walter Baltodano', 'F10', '2017-05-28', '2017-06-02', 'F10', null, '\0');
INSERT INTO `agenda` VALUES ('31', 'Kenny Walker Aragon Rios ', 'F11', '2017-05-29', '2017-06-02', 'F11', null, '\0');
INSERT INTO `agenda` VALUES ('32', 'Walter Baltodano', 'F10', '2017-05-29', '2017-06-02', 'F10', null, '\0');
INSERT INTO `agenda` VALUES ('33', 'Alma Iris Rodr', 'F14', '2017-05-29', '2017-06-02', 'F14', null, '\0');
INSERT INTO `agenda` VALUES ('34', 'Tania Marquez', 'F08', '2017-05-29', '2017-02-06', 'F08', null, '\0');
INSERT INTO `agenda` VALUES ('35', 'Betsayda Garmendia ', 'F07', '2017-05-29', '2017-06-02', 'F07', null, '\0');
INSERT INTO `agenda` VALUES ('36', 'Elizabeth Treminio', 'F03', '2017-05-29', '2017-06-03', 'F03', null, '\0');
INSERT INTO `agenda` VALUES ('37', 'Auxiliadora mejia pav', 'F13', '2017-05-29', '2017-06-02', 'F13', null, '\0');
INSERT INTO `agenda` VALUES ('38', 'Heydi Maria Carmona Garcia', 'F06', '2017-05-29', '2017-06-02', 'F06', null, '\0');
INSERT INTO `agenda` VALUES ('39', 'Heydi Maria Carmona Garcia', 'F06', '2017-06-05', '2017-06-09', 'F06', null, '');
INSERT INTO `agenda` VALUES ('40', 'Auxiliadora mejia pav', 'F13', '2017-06-05', '2017-06-09', 'F13', null, '');
INSERT INTO `agenda` VALUES ('41', 'Betsayda Garmendia ', 'F07', '2017-06-06', '2017-06-09', 'F07', null, '\0');
INSERT INTO `agenda` VALUES ('42', 'Betsayda Garmendia ', 'F07', '2017-06-06', '2017-06-09', 'F07', null, '');
INSERT INTO `agenda` VALUES ('43', 'Alma Iris Rodr', 'F14', '2017-06-05', '2017-06-09', 'F14', null, '');
INSERT INTO `agenda` VALUES ('44', 'ELIZABETH TREMINIO', 'F03', '2017-06-05', '2017-06-09', 'F03', null, '');
INSERT INTO `agenda` VALUES ('45', 'Tania Marquez', 'F08', '2017-06-05', '2017-06-09', 'F08', null, '\0');
INSERT INTO `agenda` VALUES ('46', 'Ronald martinez', 'F05', '2017-06-05', '2017-06-09', 'F05', null, '');
INSERT INTO `agenda` VALUES ('47', 'kenny walker aragon rios ', 'F11', '1969-12-31', '2017-06-09', 'F11', null, '\0');
INSERT INTO `agenda` VALUES ('48', 'Neyling Rodriguez', 'F09', '2017-06-05', '2017-06-09', 'F09', null, '');
INSERT INTO `agenda` VALUES ('49', 'kenny walker aragon rios ', 'F11', '2017-06-05', '2017-06-09', 'F11', null, '');
INSERT INTO `agenda` VALUES ('50', 'Samir Barberena', 'F19', '2017-06-05', '2017-06-05', 'F19', null, '');
INSERT INTO `agenda` VALUES ('51', 'Kalia Gabriela Rayo Toru', 'F20', '2017-06-05', '2017-06-09', 'F20', null, '');
INSERT INTO `agenda` VALUES ('52', 'Walter Baltodano', 'F10', '2017-06-05', '2017-06-09', 'F10', null, '');
INSERT INTO `agenda` VALUES ('53', 'Tania Marquez', 'F08', '2017-06-05', '2017-06-09', 'F08', null, '');

-- ----------------------------
-- Table structure for anulaciones
-- ----------------------------
DROP TABLE IF EXISTS `anulaciones`;
CREATE TABLE `anulaciones` (
  `IDPEDIDO` varchar(20) DEFAULT NULL,
  `IDUSER` varchar(255) DEFAULT NULL,
  `COMENTARIO` varchar(300) DEFAULT NULL,
  `FECHA` datetime DEFAULT NULL
) ENGINE=MyISAM DEFAULT CHARSET=utf8;

-- ----------------------------
-- Records of anulaciones
-- ----------------------------
INSERT INTO `anulaciones` VALUES ('F20P08061752', '4', 'anulacion por desgaste', '2017-06-09 01:10:53');

-- ----------------------------
-- Table structure for categoria
-- ----------------------------
DROP TABLE IF EXISTS `categoria`;
CREATE TABLE `categoria` (
  `IDCATEGORIA` text,
  `CATEGORIA` text
) ENGINE=InnoDB DEFAULT CHARSET=latin1;

-- ----------------------------
-- Records of categoria
-- ----------------------------
INSERT INTO `categoria` VALUES ('1', 'GESTION DE VENTAS');
INSERT INTO `categoria` VALUES ('2', 'SEGUIMIENTO A PEDIDOS');
INSERT INTO `categoria` VALUES ('3', 'ACTUALIZACION DE DATOS');
INSERT INTO `categoria` VALUES ('4', 'PROGRAMA DE PUNTOS');
INSERT INTO `categoria` VALUES ('5', 'PRODUCTO');
INSERT INTO `categoria` VALUES ('6', 'CAMPAÑA');
INSERT INTO `categoria` VALUES ('7', 'INVITACION');
INSERT INTO `categoria` VALUES ('8', 'ENCUESTA');

-- ----------------------------
-- Table structure for cobros
-- ----------------------------
DROP TABLE IF EXISTS `cobros`;
CREATE TABLE `cobros` (
  `IDCOBRO` varchar(16) DEFAULT NULL,
  `CLIENTE` varchar(10) DEFAULT NULL,
  `RUTA` varchar(5) DEFAULT NULL,
  `IMPORTE` varchar(200) DEFAULT NULL,
  `TIPO` varchar(10) DEFAULT NULL,
  `OBSERVACION` varchar(400) DEFAULT NULL,
  `FECHA` datetime DEFAULT NULL
) ENGINE=InnoDB DEFAULT CHARSET=latin1;

-- ----------------------------
-- Records of cobros
-- ----------------------------

-- ----------------------------
-- Table structure for grupos
-- ----------------------------
DROP TABLE IF EXISTS `grupos`;
CREATE TABLE `grupos` (
  `IdGrupo` int(11) NOT NULL AUTO_INCREMENT COMMENT 'llave principal del grupo',
  `NombreGrupo` varchar(50) DEFAULT NULL COMMENT 'nombre del grupo',
  `IdResponsable` int(11) DEFAULT NULL COMMENT 'id del usuario que es dueño del grupo',
  `Estado` int(11) DEFAULT NULL COMMENT 'estado 0= inactivo 1= activo',
  `FechaCreada` datetime DEFAULT NULL,
  PRIMARY KEY (`IdGrupo`)
) ENGINE=InnoDB AUTO_INCREMENT=4 DEFAULT CHARSET=utf8;

-- ----------------------------
-- Records of grupos
-- ----------------------------
INSERT INTO `grupos` VALUES ('1', 'SAC02', '5', '1', '2017-05-22 08:19:18');
INSERT INTO `grupos` VALUES ('2', 'SAC03', '18', '1', '2017-05-22 08:19:29');
INSERT INTO `grupos` VALUES ('3', 'SAC04', '19', '1', '2017-05-22 08:19:41');

-- ----------------------------
-- Table structure for grupo_asignacion
-- ----------------------------
DROP TABLE IF EXISTS `grupo_asignacion`;
CREATE TABLE `grupo_asignacion` (
  `IdGrupo` int(11) DEFAULT NULL,
  `IdVendedor` varchar(10) DEFAULT NULL,
  `Estado` bit(1) DEFAULT NULL,
  `FechaCreada` datetime DEFAULT NULL,
  `FechaBaja` datetime DEFAULT NULL
) ENGINE=InnoDB DEFAULT CHARSET=utf8;

-- ----------------------------
-- Records of grupo_asignacion
-- ----------------------------
INSERT INTO `grupo_asignacion` VALUES ('3', '7', '', '2017-06-01 00:00:00', null);
INSERT INTO `grupo_asignacion` VALUES ('3', '9', '', '2017-06-01 00:00:00', null);
INSERT INTO `grupo_asignacion` VALUES ('3', '14', '', '2017-06-01 00:00:00', null);
INSERT INTO `grupo_asignacion` VALUES ('3', '3', '', '2017-06-01 00:00:00', null);
INSERT INTO `grupo_asignacion` VALUES ('3', '11', '', '2017-06-01 00:00:00', null);
INSERT INTO `grupo_asignacion` VALUES ('1', '8', '', '2017-06-01 00:00:00', null);
INSERT INTO `grupo_asignacion` VALUES ('1', '10', '', '2017-06-01 00:00:00', null);
INSERT INTO `grupo_asignacion` VALUES ('1', '23', '', '2017-06-01 00:00:00', null);
INSERT INTO `grupo_asignacion` VALUES ('1', '21', '', '2017-06-01 00:00:00', null);
INSERT INTO `grupo_asignacion` VALUES ('1', '12', '', '2017-06-01 00:00:00', null);
INSERT INTO `grupo_asignacion` VALUES ('2', '25', '', '2017-06-06 00:00:00', null);
INSERT INTO `grupo_asignacion` VALUES ('2', '20', '', '2017-06-06 00:00:00', null);
INSERT INTO `grupo_asignacion` VALUES ('2', '15', '', '2017-06-06 00:00:00', null);
INSERT INTO `grupo_asignacion` VALUES ('2', '16', '', '2017-06-06 00:00:00', null);

-- ----------------------------
-- Table structure for llaves
-- ----------------------------
DROP TABLE IF EXISTS `llaves`;
CREATE TABLE `llaves` (
  `RUTA` varchar(255) DEFAULT NULL,
  `PEDIDO` varchar(255) DEFAULT NULL,
  `COBRO` varchar(255) DEFAULT NULL,
  `RAZON` varchar(255) DEFAULT NULL
) ENGINE=MyISAM DEFAULT CHARSET=utf8;

-- ----------------------------
-- Records of llaves
-- ----------------------------
INSERT INTO `llaves` VALUES ('F09', '50', '50', '50');
INSERT INTO `llaves` VALUES ('F10', '51', '50', '50');
INSERT INTO `llaves` VALUES ('F04', '53', '37', '37');
INSERT INTO `llaves` VALUES ('F20', '52', '50', '50');

-- ----------------------------
-- Table structure for pedido
-- ----------------------------
DROP TABLE IF EXISTS `pedido`;
CREATE TABLE `pedido` (
  `IDPEDIDO` varchar(255) DEFAULT NULL,
  `VENDEDOR` varchar(255) DEFAULT NULL,
  `RESPONSABLE` varchar(10) DEFAULT NULL COMMENT 'RESPONSABLE QUE RECEPCIONA EL PEDIDO EN ESE MOMENTO',
  `CLIENTE` varchar(255) DEFAULT NULL,
  `NOMBRE` varchar(255) DEFAULT NULL,
  `MONTO` varchar(255) DEFAULT NULL,
  `ESTADO` int(1) DEFAULT NULL,
  `FECHA_CREADA` datetime DEFAULT NULL,
  `FECHA_GRABADA` datetime DEFAULT NULL,
  `FECHA_ULTIMA_ACTUALIZACION` datetime DEFAULT NULL,
  `COMENTARIO` varchar(1000) DEFAULT NULL,
  `COMENTARIO_CONFIR` varchar(1000) DEFAULT NULL
) ENGINE=InnoDB DEFAULT CHARSET=utf8;

-- ----------------------------
-- Records of pedido
-- ----------------------------
INSERT INTO `pedido` VALUES ('F20P08061752', 'F20', 'SAC2', '03102', 'DISTRIBUIDORA LA ECONOMICA', '13461', '2', '2017-06-08 18:55:37', '2017-06-08 16:55:47', null, 'Prueba de mensaje de confirmacion y anulacion ekisde!', 'Listo ekisde');

-- ----------------------------
-- Table structure for pedido_detalle
-- ----------------------------
DROP TABLE IF EXISTS `pedido_detalle`;
CREATE TABLE `pedido_detalle` (
  `IDPEDIDO` varchar(255) DEFAULT NULL,
  `ARTICULO` varchar(255) DEFAULT NULL,
  `DESCRIPCION` varchar(255) DEFAULT NULL,
  `CANTIDAD` varchar(255) DEFAULT NULL,
  `TOTAL` varchar(255) DEFAULT NULL,
  `BONIFICADO` varchar(255) DEFAULT NULL
) ENGINE=InnoDB DEFAULT CHARSET=utf8;

-- ----------------------------
-- Records of pedido_detalle
-- ----------------------------
INSERT INTO `pedido_detalle` VALUES ('F20P08061752', '10311092', 'Zanate (Deltametrina) 0.219 mg Loción 30 ml/Frasco 1/Caja (Ramos)', '1.0', '21.00', '0');
INSERT INTO `pedido_detalle` VALUES ('F20P08061752', '10520042', 'Sales de Rehidratación Oral 28.1g/Sobre Polvo para 1 Litro Sabor Manzana 20/Caja (Intermed)', '12.0', '120.00', '10+3');
INSERT INTO `pedido_detalle` VALUES ('F20P08061752', '10520042', 'Sales de Rehidratación Oral 28.1g/Sobre Polvo para 1 Litro Sabor Manzana 20/Caja (Intermed)', '100.0', '120.00', '100+40');

-- ----------------------------
-- Table structure for razon
-- ----------------------------
DROP TABLE IF EXISTS `razon`;
CREATE TABLE `razon` (
  `IdRazon` longtext,
  `Vendedor` longtext,
  `Cliente` longtext,
  `Nombre` longtext,
  `Fecha` datetime DEFAULT NULL,
  `Observacion` longtext
) ENGINE=MyISAM DEFAULT CHARSET=utf8;

-- ----------------------------
-- Records of razon
-- ----------------------------

-- ----------------------------
-- Table structure for razon_detalle
-- ----------------------------
DROP TABLE IF EXISTS `razon_detalle`;
CREATE TABLE `razon_detalle` (
  `IdRazon` longtext,
  `IdAE` longtext,
  `Actividad` longtext,
  `Categoria` longtext
) ENGINE=MyISAM DEFAULT CHARSET=utf8;

-- ----------------------------
-- Records of razon_detalle
-- ----------------------------

-- ----------------------------
-- Table structure for usuario
-- ----------------------------
DROP TABLE IF EXISTS `usuario`;
CREATE TABLE `usuario` (
  `IdUser` int(11) NOT NULL AUTO_INCREMENT,
  `Usuario` varchar(20) DEFAULT NULL,
  `Nombre` varchar(30) DEFAULT NULL,
  `Password` varchar(35) DEFAULT NULL,
  `Rol` int(1) DEFAULT NULL COMMENT '1- VENDEDOR\r\n2- SAC \r\n3- ADMIN SAC \r\n4- SUPERVISOR \r\n5- ADMINISTRADOR',
  `Activo` bit(1) DEFAULT NULL,
  PRIMARY KEY (`IdUser`)
) ENGINE=MyISAM AUTO_INCREMENT=29 DEFAULT CHARSET=utf8;

-- ----------------------------
-- Records of usuario
-- ----------------------------
INSERT INTO `usuario` VALUES ('2', 'Alder', 'Alder Hernandez', 'a7m1425.', '5', '');
INSERT INTO `usuario` VALUES ('3', 'F09', 'NEYLING RAMIREZ', 'NR8183', '1', '');
INSERT INTO `usuario` VALUES ('4', 'SAC1', 'MEYLING JIRON', 'MG4512', '3', '');
INSERT INTO `usuario` VALUES ('5', 'SAC2', 'REYNA ALVAREZ', 'RA1478', '2', '');
INSERT INTO `usuario` VALUES ('7', 'F02', 'ESPERANZA CASTILLO', 'EC1565', '1', '');
INSERT INTO `usuario` VALUES ('8', 'F03', 'ELIZABETH TREMINIO', 'ET0757', '1', '');
INSERT INTO `usuario` VALUES ('9', 'F04', 'AURA LILA', 'MA6917', '1', '');
INSERT INTO `usuario` VALUES ('10', 'F05', 'RONALD MARTINEZ', 'RM1107', '1', '');
INSERT INTO `usuario` VALUES ('11', 'F07', 'BETSAYDA GARMENDIA', 'BG8429', '1', '');
INSERT INTO `usuario` VALUES ('12', 'F08', 'TANIA MARQUEZ', 'TM8041', '1', '');
INSERT INTO `usuario` VALUES ('20', 'F19', 'SAMIR BARBERENA', 'SM4769', '1', '');
INSERT INTO `usuario` VALUES ('14', 'F10', 'WALTER BALTODANO', 'WB1406', '1', '');
INSERT INTO `usuario` VALUES ('15', 'F11', 'KENNY ARAGON', 'KA6238', '1', '');
INSERT INTO `usuario` VALUES ('16', 'F13', 'AUXILIADORA MEJIA PAVON', 'AM8045', '1', '');
INSERT INTO `usuario` VALUES ('17', 'VERONICA', 'VERONICA', 'VV2541', '4', '');
INSERT INTO `usuario` VALUES ('18', 'SAC3', 'TATIANA ALEMAN', 'TA7412', '2', '');
INSERT INTO `usuario` VALUES ('19', 'SAC4', 'SARA ALEMAN', 'SA1236', '2', '');
INSERT INTO `usuario` VALUES ('21', 'F20', 'KALIA RAYOS', 'FC7102', '1', '');
INSERT INTO `usuario` VALUES ('28', 'rlacayo', 'ROBERTO LACAYO', 'rlni2582', '6', '');
INSERT INTO `usuario` VALUES ('23', 'F06', 'HEYDI CARMONA', 'ML5493', '1', '');
INSERT INTO `usuario` VALUES ('24', 'ERICK', 'ERICK', 'EV2017', '4', '');
INSERT INTO `usuario` VALUES ('25', 'F14', 'ALMA IRIS RODRIGUEZ', 'AR5855', '1', '');
INSERT INTO `usuario` VALUES ('26', 'F17', 'ESPERANZA CASTILLO', 'EC0375', '1', '');

-- ----------------------------
-- Table structure for vclientes
-- ----------------------------
DROP TABLE IF EXISTS `vclientes`;
CREATE TABLE `vclientes` (
  `IdPlan` varchar(10) DEFAULT NULL,
  `Lunes` varchar(500) DEFAULT NULL,
  `Martes` varchar(500) DEFAULT NULL,
  `Miercoles` varchar(500) DEFAULT NULL,
  `Jueves` varchar(500) DEFAULT NULL,
  `Viernes` varchar(500) DEFAULT NULL,
  `Obervaciones` varchar(500) DEFAULT NULL
) ENGINE=MyISAM DEFAULT CHARSET=utf8;

-- ----------------------------
-- Records of vclientes
-- ----------------------------
INSERT INTO `vclientes` VALUES ('13', '01802-01297-01780-00718-01097-01951-03058-03383-01637-02551-01791-01533-03060-00965-00949-01964-02147-01414-01778', '00873-01098-01097-03440-03055-03460-03146-03394-03064-03147-01105-01203-02527-02563-02172-02569-01202-02021-00970-03196', '01059-00828-01419-02551-01346-01637-00835-03383-03060-01310-01791-01768-01533-01555-00949-00695-00965', '00873-03006-03233-02171-03059-03265-03187-01202-01283-03071-03473-03378-02569-03597-03498-03442-01886-03147-02565-01206', '03328-03031-03094-01419-03409-01533-01791-01097-0949-0718-0942-02351-01768-01414-02144-00697-03060-01658', null);
INSERT INTO `vclientes` VALUES ('14', '02475-03496-03439-00032-03113-01716-03412-00028-01860-00024-03239-00982-02449-01899-00019-01857-02310-03406-00004', '01916-00670-03336-00982-03045-03225-01982-03036-00976-03452-03444-03446-01692-03454-00022-00031-01871-00005', '00161-03479-01865-02023-03054-03098-03506-00010-00025-03502-00033-00003-00014-03200-03361-03464-03345-01868-00012-03339', '00007-02481-00019-00982-00024-01852-00352-02263-01712-02255-03079-00017-00031-03153-03292-03261-03426-03451-01870', '03195-00003-03458-02544-01898-01856-03422-02490-03388-03257-01843-03174-03173-03144-00011-01867-03423-03424', null);
INSERT INTO `vclientes` VALUES ('19', '03240-00357-32205-03360-03457-03250-03251-03464-03252-03501-00305', '00608-03338-00424-00967-02459-03348-01879-00421-03266-03433-02468-03490-03342-03515-00428', '00598-00604-00602-00600-02064-00839-00607', '03217-03296-03302-00403-00867-00418-02138-02037-00413-03246-00410-00407-03492-00410-00409-00866', '03222-03214-02176-03510-02517-00932-00328-03456-03209-03483-03199-00329-00345-02167-02493', null);
INSERT INTO `vclientes` VALUES ('20', '03181-00894-00998-00988-00889-02034-00991-03269-00987-01004-02319-03475-01007-03408-02010-03425', '00759-01762-00765-00757-00758-03309-00756-00754-00761-03395-00766-02247-00764-00753-02598', '00639-02247-02295-01406-03403-00641-00640-03303', '01019-02316-01018-03410-03480-00772-00773-00771', '02010-00996-03181-01007-03447-00889-00893-02499-03305-01006-00994-03356-01338-00896', null);
INSERT INTO `vclientes` VALUES ('21', '00087-01647-01217-01222-01321-01220-02419-01221-01318-01219-03131-03274-00139-03279-01684-0000 ', '00066-01077-01799-00068-01313-01297-01758-01803-03282-00077-00686-01285-00810-01653-02001', '01290-01165-03463-03365-02068-02001-01427-01803-01542-00531-03299-03335-01881-00810-01653', '01322-01220-03050-02419-01318-01321-01220-01221-01219-00139-03131-03274-03279-02594-02011', '00707-00077-01313-01297-01758-00087-01647-01227-01077-01285-01542-00531-02044-01881-01653', null);
INSERT INTO `vclientes` VALUES ('12', '03286-03118-03053-03371-00224-00222-00220-00217-00218-00213-03130-03081-01896-03212-00228-03236', '00138-02501-01913-03290-00134-00133-01922-00121-00126-01912-00118-01438-00124-00123-00127-00114', '03001-03002-01896-00224-00220-00218-00217-00248-00984-00251-00252-00235-03507-00236-00228-03001', '00138-02501-01913-03290-00134-00133-01922-01831-03090-03129-01826-01833-03318-02541-03321-00146', '0', null);
INSERT INTO `vclientes` VALUES ('22', '03484-01168-00831-00192-01818-00688-00832-01286-01287-00057-03364-01425-01753-02575-02584-00036', '02482-00809-01796-00698-02103-01307-03331-03025-02581-01073-01753-01071-00036-01667-01537', '01788-01168-00831-01066-02564-00688-01753-01425-01287-00057-01771-01062-00688-01282-00940', '01751-01680-03024-02305-01588-00823-00952-01076-03032-01537-03025-00979-00047-01753-03488', '02482-00809-01796-02332-02103-01307-01066-01630-02581-01062-01071-02584-00816-01818-01667', null);
INSERT INTO `vclientes` VALUES ('23', '00500-00514-03466-00517-00504-00505-00507-00511-02414-00571-00570-01407-00572-00569-02560', '02212-02145-02379-00460-00466-00477-00465-02416-00449-00469-00462-00463-02278-00470-00450-00476-02595-00486-00446-00457', '00591-00592-01773-02337-00616-00590', '00615-00558-00563-00561-01929-02370-02366-02365-00550-00554-00551-00552-00544-00546-00543-00542-00541-03437', '00519-00526-00527-02180-02291-00511-00525-00509-03427-01926-00147-00516-00501-02577-02559-01787-02386-01880-02586', null);
INSERT INTO `vclientes` VALUES ('27', '00278-00287-00271-00274-01804-02405-03097-01933-03222-00286-00285-03222', '03240-00357-32205-00350-03214-03483-02176-02517-03510-00932-00328-00328-00357-03456-03209-03483-03199-00329-00345-00410-00409', '00608-03338-03207-00424-00967-02459-03348-01879-00421-03266-03433-02468-03490-03342-03515-00428', '03217-03296-03302-00403-00867-00418-02138-02037-00413-03246-00410-00407-03492-00410-00409-00866', '00370-00371-02007-00339-00383-00386-00387-00389-00390-03483', '2dormida fuera el resto son viaticos debdesayuno almuerzo y cena  |-|');
INSERT INTO `vclientes` VALUES ('16', '01461-01585-01574-01562-01689-01578-01568-01877-03178-01565-01690-01579-01590-02238-03029-01571', '00174-00181-01121-0178-02237-03156-00179-00182-03179-00167-00962-03325-00165-02557-00175-00170', '001717-03379-02312-03184-01691-01883-02046-01823-01811-03026-01564', '01584-01467-01590-02238-01568-01089-01585-01461-02224-00125-03179-01465-01574-02162-01591', '02516-00181-00166-01691-02516-00182-01121-00179-00962-03179-02557-00182', null);
INSERT INTO `vclientes` VALUES ('25', '03484-01168-00831-00192-01818-00688-00832-01286-01287-00057-03364-01425-01753-02575-02584-00036', '02482-00809-01796-00698-02103-01307-03331-03025-02581-01073-01753-01071-00036-01667-01537', '01788-01168-00831-01066-02564-00688-01753-01425-01287-00057-01771-01062-00688-01282-00940', '01751-01680-03024-02305-01588-00823-00952-01076-03032-01537-03025-00979-00047-01753-03488', '02482-00809-01796-02332-02103-01307-01066-01630-02581-01062-01071-02584-00816-01818-01667', null);
INSERT INTO `vclientes` VALUES ('26', '00574-00573-00575-00576-00963-03358-03347-03086-02085-02057-03116-03213-00568-03077-00581', '00957-03089-03070-02418-03295-03485', '00597-03018-03093-03467-03128-03123-03472-03091-03307-03120-03481-03411-03417', '03267-02150-03459-03226-03328-03503-03495', '00581-00583-00582-00585-03248-03127-03080', null);
INSERT INTO `vclientes` VALUES ('18', '01254-01305-01640-01648-01546-01536-01763-02035-02323-00082-03132-00065-00817-00714-01164-01182-01070-00953-01378-01365', '01284-01331-01291-01665-01646-01969-03112-00067-00051-00829-00811-00824-00711-00712-01177-01063-01065-03469-03455-03386', '03389-03476-03374-03020-03115-01443-03385-03416-03105-02318-03370-02345-03124-03132', '00712-00711-00824-00811-00829-00051-00067-03112-01311-01291-01665-01646-01763-01807-02585-03469-03088-01648-01284', '01756-02035-02355-01416-00953-01070-00714-01182-00065-03477-03374-03211-03052-01305-01793-02323-01748', null);
INSERT INTO `vclientes` VALUES ('24', '00574-00573-00575-00576-00963-03358-03347-03086-02085-02057-03116-03213-00568-03077', '00597-03018-03093-03467-03128-03123-03472-03091-03307-03120-03481-03411-03417', '03267-02150-03459-03226-03328-03503-03495', '03500-03497-03315-03516', '00581-00583-00582-00585-03248-00957-03089-03070-02418-03295-03485', null);
INSERT INTO `vclientes` VALUES ('28', '03181-00894-00998-00988-00889-02034-00991-03269-00987-01004-02319-03475-01007-03408-02010-03425', '00629-00760-03281-03434-00627-00633-00228-00624-00622-03435-00634-02123', '02247-02295-01406-03403-00641-00640-03303-01109-03432-03349-01020', '01019-02316-01018-03410-03480-00772-00773-00771', '02010-00996-03181-01007-03447-00889-00893-02499-03305-01006-00994-03356-01338-00896', null);
INSERT INTO `vclientes` VALUES ('29', '00087-01647-01217-01222-01321-01220-02419-01221-01318-01219-03131-03274-00139-03279-01684-0000 ', '00066-01077-01799-00050-01313-01297-01758-01803-03282-00077-00686-01285-03521-01653-02001', '01290-01165-03463-03365-02068-00068-01427-01803-01542-00531-03299-03335-01881-00810-01653', '01322-01220-03050-02419-01318-01321-01220-01221-01219-00139-03131-03274-03279-02594-02011', '00707-00077-01313-01297-01758-00087-01647-01227-01077-01285-01542-00531-02044-01881-01653', null);
INSERT INTO `vclientes` VALUES ('30', '00500-00514-00517-00147-01926-00509-02414-00571-00570-00569-00572-00679-02560-01407', '02212-02145-02379-00466-00460-00465-00477-00469-02417-02416-00449-00476-00462-00463-00450-00454-02278-00454-01271-02105-01413', '00526-00527-02180-02571-02572-02291-00511-00525-00518-00147-00501-00505', '00615-00558-00563-00561-02370-02366-01929-02365-00552-00550-00554-00551-00544-00543-00546-00540-00541-03437-00547-03202-00542', '00519-01785-00516-00518-02386-02559-02577-02421-02586-01880-00524-02427', null);
INSERT INTO `vclientes` VALUES ('31', '00278-00287-00271-00274-01804-02405-03097-01933-03222-00286-00285-03222', '03240-00357-32205-00350-03214-03483-02176-02517-03510-00932-00328-00328-00357-03456-03209-03483-03199-00329-00345-00410-00409', '00608-03338-03207-00424-00967-02459-03348-01879-00421-03266-03433-02468-03490-03342-03515-00428', '03217-03296-03302-00403-00867-00418-02138-02037-00413-03246-00410-00407-03492-00410-00409-00866', '00370-00371-02007-00339-00383-00386-00387-00389-00390-03483', '2dormida fuera el resto son viaticos debdesayuno almuerzo y cena  |-|');
INSERT INTO `vclientes` VALUES ('32', '00500-00514-00517-00147-01926-00509-02414-00571-00570-00569-00572-00679-02560-01407', '02212-02145-02379-00466-00460-00465-00477-00469-02417-02416-00449-00476-00462-00463-00450-00454-02278-00454-01271-02105-01413', '00526-00527-02180-02571-02572-02291-00511-00525-00518-00147-00501-00505', '00615-00558-00563-00561-02370-02366-01929-02365-00552-00550-00554-00551-00544-00543-00546-00540-00541-03437-00547-03202-00542', '00519-01785-00516-00518-02386-02559-02577-02421-02586-01880-00524-02427', null);
INSERT INTO `vclientes` VALUES ('33', '03314-02484-02498-01487-03329-01489-01488-02596-03126-03155-03298-03141-03148-01358-03453-03201-03175-03413-03185-01377', '01606-03300-03310-03352-01613-01608-03137-03183-03327-01612-01895-03151-01614-02589-03140-02472-03204-03220-03276-01359', '02525-03004-03401-02285-03193-01493-03382-01208-01343-02477-02277-03287-03407-00726-03138-02054', '03122-03142-03319-01370-03194-02470-03277-03108-01604-03487-01601-02597-03280-01351-01374-01369-03284-01361-01377-01375', '03314-03298-01488-02596-02484-01354-01255-02492-01349-01372-01360-01357-03323-03007-01348-00971-01649-01367-01353-02122', null);
INSERT INTO `vclientes` VALUES ('34', '03053-03118-03286-03369-00984-00251-00248-00252-00224-00222-00220-00217-00218-00213-003507-01896', '00138-02501-01913-03290-00134-001922-00121-00126-01912-00118-02009', '01896-03371-00224-00222-00220-00217-00218-03236-03130-03081-00235-03507-03212-00228', '00138-02501-01913-03290-00134-00133-01922-01831-03090-03129-01826-01833-03318-01833-01674-00146', '00704-03369-01840-02099-01922-03009-03462-03104-00142-00117', null);
INSERT INTO `vclientes` VALUES ('35', '01584-01689-01562-01590-01465-01877-01467-01568-02033-00125-03029-02224-01574-01690-03038-02162', '00181-00170-00178-03179-00167-00165-00174-00962-02364-01121-00179-00175-02237-00182', '01717-01823-02031-01816-02046-01811-02253-03184-01961-01569-01812', '01689-00125-02224-01461-01690-03178-01465-01583-01568-01591-01562-01461-01574-03029', '00181-02516-00167-00165-00962-02237-00179-00174-00182-01691', null);
INSERT INTO `vclientes` VALUES ('36', '01802-01297-01780-00718-01059-01951-03058-03383-01637-02551-01791-01533-03060-00965-00949-01964-02147-01414-03061-01778', '00873-01098-01097-03440-03055-03460-03146-03394-03064-03147-01105-01203-02527-02563-02172-02569-01202-02021-01107-02562-00970', '01059-00828-01419-02551-01346-01637-00835-03383-03060-01310-01791-01768-01533-01555-00949-00695-00965-01955', '00873-03006-03233-02171-03059-03265-03187-01202-01283-03071-03473-03378-02569-03597-03498-03442-01886-03147-03397-03255-02565', '03328-03031-03094-01419-03409-01533-01791-01097-00949-00718-00942-02351-01768-01414-02144-00697-03060-01658', null);
INSERT INTO `vclientes` VALUES ('37', '00082-00065-00817-00714-01164-01182-01070-00953-01378-01365-01416-01254-01305-01640-01748-01797', '03112-01646-00067-00051-00811-00829-01665-00824-01291-00712-00693-01177-01063-01065-01311-01284', '03115-03105-03124-03132-01443-02318-02355-02345-03020-03416-03389-03476', '00711-03455-03469-03386-02585-01807-01645-01546-01284-01311-01065-01063-01177-00693-00712-01291', '01305-01793-01796-01748-01777-02035-02437-02323-02355-03088-03052-03211-03370-03374-03385-03380', null);
INSERT INTO `vclientes` VALUES ('38', '02475-03496-03439-00032-03113-01716-03412-00028-01860-00024-03239-00982-02449-01899-00019-01857-02310-03406-00004', '01916-03499-03082-00982-03045-03225-01982-03036-00976-03452-03268-01087-03119-03063-00978-01094-03096-03418-03045-03512', '00161-03479-01865-02023-03054-03098-03506-00010-00025-03502-00033-00003-00014-03200-03361-03464-03345-01868-00012-03339', '00660-03489-00774-03075-01782-00661-00667-03513-00785-02485-00779-03191-03343-00670-03198-00668-00781-03465-00780-02255', '03195-00003-03458-02544-01898-01856-03422-02490-03388-03257-01843-03174-03173-03144-00011-01867-03423-03424', null);
INSERT INTO `vclientes` VALUES ('39', '02475-03496-03439-00032-03113-01716-03412-00028-01860-00024-03239-00982-02449-01899-00019-01857-02310-03406-00004', '01916-00670-03336-00982-03045-03225-01982-03036-00976-03452-03444-03446-01692-03454-00022-00031-01871-00005', '00161-03479-01865-02023-03054-03098-03506-00010-00025-03502-00033-00003-00014-03200-03361-03464-03345-01868-00012-03339', '00007-02481-00019-00982-00024-01852-00352-02263-01712-02255-03079-00017-00031-03153-03292-03261-03426-03451-01870', '03195-00003-03458-02544-01898-01856-03422-02490-03388-03257-01843-03174-03173-03144-00011-01867-03423-03424', null);
INSERT INTO `vclientes` VALUES ('40', '00082-00065-00817-00714-01164-01182-01070-00953-01378-01365-01416-01254-01305-01640-01748-01797', '03112-01646-00067-00051-00811-00829-01665-00824-01291-00712-00693-01177-01063-01065-01311-01284', '03115-03105-03124-03132-01443-02318-02355-02345-03020-03416-03389-03476', '00711-03455-03469-03386-02585-01807-01645-01546-01284-01311-01065-01063-01177-00693-00712-01291', '01305-01793-01796-01748-01777-02035-02437-02323-02355-03088-03052-03211-03370-03374-03385-03380', null);
INSERT INTO `vclientes` VALUES ('41', '01584-01689-01562-01590-01465-01877-01467-01568-02033-00125-03029-02224-01574-01690-03038-02162', '00181-00170-00178-03179-00167-00165-00174-00962-02364-01121-00179-00175-02237-00182', '01717-01823-02031-01816-02046-01811-02253-03184-01961-01569-01812', '01689-00125-02224-01461-01690-03178-01465-01583-01568-01591-01562-01461-01574-03029', '00181-02516-00167-00165-00962-02237-00179-00174-00182-01691', null);
INSERT INTO `vclientes` VALUES ('42', '01584-01689-01562-01590-01465-01877-01467-01568-02033-00125-03029-02224-01574-01690-03038-02162', '00181-00170-00178-03179-00167-00165-00174-00962-02364-01121-00179-00175-02237-00182', '01717-01823-02031-01816-02046-01811-02253-03184-01961-01569-01812', '01689-00125-02224-01461-01690-03178-01465-01583-01568-01591-01562-01461-01574-03029', '00181-02516-00167-00165-00962-02237-00179-00174-00182-01691', null);
INSERT INTO `vclientes` VALUES ('43', '03314-02484-02498-01487-03329-01489-01488-02596-03126-03155-03298-03141-03148-01358-03453-03201-03175-03413-03185-01377', '01606-03300-03310-03352-01613-01608-03137-03183-03327-01612-01895-03151-01614-02589-03140-02472-03204-03220-03276-01359', '03401-03527-03142-02122-01367-01361-01374-01369-01351-01353-01375-03284-01353-03138-00726-03407-03287-03319-02054-03122', '01348-01370-03194-02470-03277-03108-01604-03487-01601-02597-03280-01374-01369-01377-00968-01255-03519-03524-03291-01649', '03314-02484-01488-02596-03126-03298-02492-03323-01349-01372-01360-01357-03007-03420-03482-02186-02234-03301-01354-00971', null);
INSERT INTO `vclientes` VALUES ('44', '01802-01297-01780-00718-01059-01951-03058-03383-01637-02551-01791-01533-03060-00965-00949-01964-02147-01414-03061-01294-01778', '00873-01098-01097-03440-03055-03460-03146-03394-03064-03147-01105-01203-02527-02563-02172-02569-01202-02021-01107-02562-00970', '01059-00828-01419-02551-01346-01637-00835-03383-03060-01310-01791-01768-01533-01555-00949-00695-00965-01955-03071', '00873-03006-03233-02171-03059-03265-03187-01202-01283-03071-03473-03378-02569-03597-03498-03442-01886-03147-03397-03255-02565', '03328-03031-03094-01419-03409-01533-01791-01059-00949-00718-00942-02351-01768-01414-02144-00697-03060-01658', null);
INSERT INTO `vclientes` VALUES ('45', '03053-03118-03286-03369-00984-00251-00248-00252-00224-00222-00220-00217-00218-00213-003507-01896', '00138-02501-01913-03290-00134-001922-00121-00126-01912-00118-02009', '01896-03371-00224-00222-00220-00217-00218-03236-03130-03081-00235-03507-03212-00228', '00138-02501-01913-03290-00134-00133-01922-01831-03090-03129-01826-01833-03318-01833-01674-00146', '00704-03369-01840-02099-01922-03009-03462-03104-00142-00117', null);
INSERT INTO `vclientes` VALUES ('46', '00087-01647-01217-01222-01321-01220-02419-01221-01318-01219-03131-03274-00139-03279-01684-0000 ', '00066-01077-01799-00050-01313-01297-01758-01803-03282-00077-00686-01285-03521-01653-02001', '01290-01165-03463-03365-02068-00068-01427-00702-01542-00531-03299-03335-01881-00810-01653', '01322-01220-03050-02419-01318-01321-01220-01221-01219-00139-03131-03274-03279-02594-02011', '00707-00077-01313-01297-01758-00087-01647-01227-01077-01285-01542-00531-02044-01881-01653', null);
INSERT INTO `vclientes` VALUES ('28', '0', '0', '0', '0', '0', null);
INSERT INTO `vclientes` VALUES ('47', '03240-00357-32205-03360-03457-03250-03251-03264-03252-00286-03501-00350', '03222-00357-32205-00350-03214-03483-02176-02517-03510-00932-00328-00328-00357-03456-03209-03483-03199-00329-00345-00410-00409', '00608-03338-03207-00424-00967-02459-03348-01879-00421-03266-03433-02468-03490-03342-03515-00428', '03217-03296-03302-00403-00867-00418-02138-02037-00413-03246-00410-00407-03492-00410-00409-00866', '00370-00371-02007-00339-00383-00386-00387-00389-00390-03483', '2dormida fuera el resto son viaticos debdesayuno almuerzo y cena  |-|');
INSERT INTO `vclientes` VALUES ('48', '03181-00894-00998-00988-00889-02034-00991-03269-00987-01004-02319-03475-01007-03408-02010-03425', '00629-00760-03281-03434-00627-00633-00228-00624-00622-03435-00634-02123', '02247-02295-01406-03403-00641-00640-03303-01109-03432-03349-01020', '01019-02316-01018-03410-03480-00772-00773-00771', '02010-00996-03181-01007-03447-00889-00893-02499-03305-01006-00994-03356-01338-00896', null);
INSERT INTO `vclientes` VALUES ('49', '03240-00357-32205-03360-03457-03250-03251-03264-03252-00286-03501-00350', '03222-00357-32205-00350-03214-03483-02176-02517-03510-00932-00328-00328-00357-03456-03209-03483-03199-00329-00345-00410-00409', '00608-03338-03207-00424-00967-02459-03348-01879-00421-03266-03433-02468-03490-03342-03515-00428', '03217-03296-03302-00403-00867-00418-02138-02037-00413-03246-00410-00407-03492-00410-00409-00866', '00370-00371-02007-00339-00383-00386-00387-00389-00390-03483', '2dormida fuera el resto son viaticos debdesayuno almuerzo y cena  |-|');
INSERT INTO `vclientes` VALUES ('50', '03484-01168-00831-00192-01818-00688-00832-01286-01287-00057-03364-01425-01753-02575-02584-00036', '02482-00809-01796-00698-02103-01307-03331-03025-02581-01073-01753-01071-00036-01667-01537', '01788-01168-00831-01066-02564-00688-01753-01425-01287-00057-01771-01062-00688-01282-00940', '01751-01680-03024-02305-01588-00823-00952-01076-03032-01537-03025-00979-00047-01753-03488', '02482-00809-01796-02332-02103-01307-01066-01630-02581-01062-01071-02584-00816-01818-01667', null);
INSERT INTO `vclientes` VALUES ('51', '00574-00573-00575-00576-00963-03358-03347-03086-02085-02057-03116-03213-00568-03077-00581', '00957-03089-03070-02418-03295-03485', '00597-03018-03093-03467-03128-03123-03472-03091-03307-03120-03481-03411-03417', '03267-02150-03459-03226-03328-03503-03495', '00581-00583-00582-00585-03248-03127-03080', null);
INSERT INTO `vclientes` VALUES ('52', '00500-00514-03466-02386-02559-00524-02577-00517-02414-00679-01407-00571-00570-00572-02560-0000 ', '00510-00477-00465-00460-00466-00476-02416-00449-00462-00470-03218-00463-00474-02278-02431-00450-01271-00454-00448', '00452-03344-03219-03223-03392-03256', '00615-00558-00563-00561-01929-02366-02370-02365-03523-00550-00554-00551-00546-00552-03437-00547-03202-00543', '00526-02180-00527-02572-02291-00511-03427-00525-00519-00518-00147-00504-00505-00516-01787-01880-00507', null);
INSERT INTO `vclientes` VALUES ('53', '03053-03118-03286-03369-00984-00251-00248-00252-00224-00222-00220-00217-00218-00213-003507-01896', '00138-02501-01913-03290-00134-001922-00121-00126-01912-00118-02009-03294-00114', '01896-03371-00224-00222-00220-00217-00218-03236-03130-03081-00235-03507-03212-00228', '00138-02501-01913-03290-00134-00133-01922-01831-03090-03129-01826-01833-03318-01833-01674-00146', '00704-03369-01840-02099-01922-03009-03462-03104-00142-00117', null);

-- ----------------------------
-- Table structure for visitas
-- ----------------------------
DROP TABLE IF EXISTS `visitas`;
CREATE TABLE `visitas` (
  `IdPlan` varchar(15) DEFAULT NULL,
  `IdCliente` varchar(10) DEFAULT NULL,
  `Fecha` date DEFAULT NULL,
  `Lati` varchar(10) DEFAULT NULL,
  `Logi` varchar(10) DEFAULT NULL,
  `Local` varchar(5) DEFAULT NULL,
  `Inicio` time DEFAULT NULL,
  `Fin` time DEFAULT NULL,
  `Observacion` varchar(500) DEFAULT NULL,
  `Accion` varchar(50) DEFAULT NULL
) ENGINE=MyISAM DEFAULT CHARSET=utf8;

-- ----------------------------
-- Records of visitas
-- ----------------------------
INSERT INTO `visitas` VALUES ('28', '00889', '2017-05-29', '12.1021324', '-86.264226', 'LOCAL', '09:08:58', '09:09:11', 'TIPO VISITA: PEDIDO: F09P29051731', 'PEDIDO');
INSERT INTO `visitas` VALUES ('28', '00991', '2017-05-29', '0.0', '0.0', 'LOCAL', '11:11:11', '11:11:25', 'TIPO VISITA: PEDIDO: F09P29051731', 'PEDIDO');
INSERT INTO `visitas` VALUES ('28', '02034', '2017-05-29', '0.0', '0.0', 'LOCAL', '11:12:51', '11:13:04', 'TIPO VISITA: PEDIDO: F09P29051731', 'PEDIDO');
INSERT INTO `visitas` VALUES ('29', '01220', '2017-05-29', '0.0', '0.0', 'LOCAL', '11:15:18', '11:15:35', 'TIPO VISITA: PEDIDO: F05P29051732', 'PEDIDO');
INSERT INTO `visitas` VALUES ('29', '01647', '2017-05-29', '0.0', '0.0', 'LOCAL', '11:44:20', '11:44:58', 'TIPO VISITA: PEDIDO: F05P29051731', 'PEDIDO');
INSERT INTO `visitas` VALUES ('13', '01802', '2017-05-29', '12.1559177', '-86.281658', 'LOCAL', '08:20:22', '08:20:38', 'TIPO DE VISITA: RAZON: F03R2905171', 'RAZON');
INSERT INTO `visitas` VALUES ('13', '01294', '2017-05-29', '12.1575276', '-86.288417', 'LOCAL', '08:35:20', '08:36:20', 'TIPO VISITA: PEDIDO: F03P29051731', 'PEDIDO');
INSERT INTO `visitas` VALUES ('13', '01059', '2017-05-29', '12.1523316', '-86.304591', 'LOCAL', '08:58:35', '09:01:41', 'TIPO VISITA: PEDIDO: F03P29051732', 'PEDIDO');
INSERT INTO `visitas` VALUES ('36', '01791', '2017-05-29', '12.1278665', '-86.299851', 'LOCAL', '10:56:07', '10:57:33', 'TIPO VISITA: PEDIDO: F03P29051733', 'PEDIDO');
INSERT INTO `visitas` VALUES ('36', '00965', '2017-05-29', '12.1431302', '-86.296663', 'LOCAL', '11:20:53', '11:21:01', 'TIPO VISITA: COBRO: F03-C290517201', 'COBRO');
INSERT INTO `visitas` VALUES ('36', '01059', '2017-05-29', '12.1429743', '-86.296505', 'NOLOC', '11:21:38', '11:22:09', 'TIPO VISITA: COBRO: F03-C290517202', 'COBRO');
INSERT INTO `visitas` VALUES ('29', '01222', '2017-05-29', '12.1179913', '-86.276315', 'LOCAL', '10:14:30', '10:45:46', 'TIPO VISITA: PEDIDO: F05P29051732', 'PEDIDO');
INSERT INTO `visitas` VALUES ('36', '01555', '2017-05-29', '12.1458149', '-86.297377', 'LOCAL', '11:40:09', '11:40:16', 'TIPO VISITA: COBRO: F03-C290517203', 'COBRO');
INSERT INTO `visitas` VALUES ('21', '01427', '2017-05-29', '12.150832', '-86.236015', 'NOLOC', '08:57:56', '08:59:04', 'TIPO VISITA: PEDIDO: F05P29051731', 'PEDIDO');
INSERT INTO `visitas` VALUES ('21', '03050', '2017-05-29', '12.1783424', '-86.093850', 'NOLOC', '10:56:05', '10:58:10', 'TIPO VISITA: PEDIDO: F05P29051732', 'PEDIDO');
INSERT INTO `visitas` VALUES ('21', '02419', '2017-05-29', '12.1977779', '-86.096437', 'NOLOC', '12:36:22', '12:37:07', 'TIPO VISITA: PEDIDO: F05P29051733', 'PEDIDO');
INSERT INTO `visitas` VALUES ('36', '01533', '2017-05-29', '12.1496088', '-86.289634', 'LOCAL', '11:52:33', '11:52:49', 'TIPO VISITA: COBRO: F03-C290517204', 'COBRO');
INSERT INTO `visitas` VALUES ('36', '01533', '2017-05-29', '12.1495945', '-86.289649', 'LOCAL', '12:03:38', '12:04:29', 'TIPO VISITA: PEDIDO: F03P29051734', 'PEDIDO');
INSERT INTO `visitas` VALUES ('36', '01951', '2017-05-29', '12.1639677', '-86.294364', 'LOCAL', '12:42:27', '12:42:33', 'TIPO VISITA: COBRO: F03-C290517205', 'COBRO');
INSERT INTO `visitas` VALUES ('36', '01951', '2017-05-29', '12.1639869', '-86.294348', 'LOCAL', '12:42:59', '12:46:16', 'TIPO VISITA: PEDIDO: F03P29051735', 'PEDIDO');
INSERT INTO `visitas` VALUES ('36', '03058', '2017-05-29', '12.1620536', '-86.293642', 'LOCAL', '12:52:31', '13:05:59', 'TIPO VISITA: PEDIDO: F03P29051736', 'PEDIDO');
INSERT INTO `visitas` VALUES ('16', '02238', '2017-05-29', '11.9639169', '-86.092616', 'LOCAL', '14:22:11', '14:23:00', 'TIPO VISITA: PEDIDO: F07P29051731', 'PEDIDO');
INSERT INTO `visitas` VALUES ('36', '01637', '2017-05-29', '12.1536693', '-86.304591', 'LOCAL', '13:40:40', '13:40:53', 'TIPO VISITA: COBRO: F03-C290517206', 'COBRO');
INSERT INTO `visitas` VALUES ('36', '01310', '2017-05-29', '12.1448001', '-86.304911', 'LOCAL', '13:48:36', '13:48:54', 'TIPO DE VISITA: RAZON: F03R2905172', 'RAZON');
INSERT INTO `visitas` VALUES ('36', '01964', '2017-05-29', '12.1422276', '-86.282470', 'LOCAL', '15:20:52', '15:21:22', 'TIPO VISITA: PEDIDO: F03P29051737', 'PEDIDO');
INSERT INTO `visitas` VALUES ('36', '03511', '2017-05-29', '12.1422255', '-86.282311', 'NOLOC', '15:27:04', '15:27:41', 'TIPO VISITA: PEDIDO: F03P29051738', 'PEDIDO');
INSERT INTO `visitas` VALUES ('0', '03337', '2017-05-27', '12.1023406', '-86.264317', 'LOCAL', '11:47:19', '11:48:36', 'TIPO DE VISITA: RAZON: F04R2705171', 'RAZON');
INSERT INTO `visitas` VALUES ('36', '01097', '2017-05-30', '12.2365994', '-86.430553', 'LOCAL', '08:09:42', '08:10:01', 'TIPO VISITA: COBRO: F03-C300517207', 'COBRO');
INSERT INTO `visitas` VALUES ('36', '01097', '2017-05-30', '12.2365111', '-86.430632', 'LOCAL', '08:14:16', '08:14:53', 'TIPO VISITA: PEDIDO: F03P30051739', 'PEDIDO');
INSERT INTO `visitas` VALUES ('21', '00066', '2017-05-30', '12.1280401', '-86.215492', 'NOLOC', '08:26:59', '08:28:34', 'TIPO VISITA: PEDIDO: F05P30051734', 'PEDIDO');
INSERT INTO `visitas` VALUES ('36', '03460', '2017-05-30', '12.2359685', '-86.429219', 'LOCAL', '08:28:57', '08:30:19', 'TIPO VISITA: PEDIDO: F03P30051740', 'PEDIDO');
INSERT INTO `visitas` VALUES ('36', '03460', '2017-05-30', '12.2359685', '-86.429219', 'LOCAL', '08:30:21', '08:30:38', 'TIPO VISITA: COBRO: F03-C300517208', 'COBRO');
INSERT INTO `visitas` VALUES ('36', '03460', '2017-05-30', '12.2359685', '-86.429219', 'LOCAL', '08:28:57', '08:30:19', 'TIPO VISITA: PEDIDO: F03P30051740', 'PEDIDO');
INSERT INTO `visitas` VALUES ('36', '03460', '2017-05-30', '12.2359685', '-86.429219', 'LOCAL', '08:30:21', '08:30:38', 'TIPO VISITA: COBRO: F03-C300517208', 'COBRO');
INSERT INTO `visitas` VALUES ('36', '01059', '2017-05-31', '0.0', '0.0', 'LOCAL', '08:16:42', '08:17:53', 'TIPO VISITA: PEDIDO: F03P31051741', 'PEDIDO');
INSERT INTO `visitas` VALUES ('20', '03181', '2017-05-29', '13.0996552', '-86.361277', 'LOCAL', '08:34:16', '08:40:28', 'TIPO VISITA: PEDIDO: F09P29051731', 'PEDIDO');
INSERT INTO `visitas` VALUES ('20', '01011', '2017-05-29', '13.0959072', '-86.350507', 'LOCAL', '09:23:26', '09:24:53', 'TIPO VISITA: PEDIDO: F09P29051732', 'PEDIDO');
INSERT INTO `visitas` VALUES ('28', '01338', '2017-05-30', '13.6351472', '-86.478961', 'LOCAL', '10:30:35', '10:31:33', 'TIPO VISITA: PEDIDO: F09P30051733', 'PEDIDO');
INSERT INTO `visitas` VALUES ('28', '01008', '2017-05-30', '13.6340724', '-86.479593', 'LOCAL', '10:32:45', '10:33:20', 'TIPO VISITA: PEDIDO: F09P30051734', 'PEDIDO');
INSERT INTO `visitas` VALUES ('28', '03435', '2017-05-30', '13.6282306', '-86.47517', 'LOCAL', '11:01:45', '11:03:15', 'TIPO VISITA: PEDIDO: F09P30051735', 'PEDIDO');
INSERT INTO `visitas` VALUES ('28', '00628', '2017-05-30', '13.6282306', '-86.47517', 'LOCAL', '11:03:51', '11:05:59', 'TIPO VISITA: PEDIDO: F09P30051736', 'PEDIDO');
INSERT INTO `visitas` VALUES ('23', '02559', '2017-05-29', '12.9358276', '-85.917956', 'LOCAL', '09:23:42', '09:26:01', 'TIPO VISITA: PEDIDO: F10P29051731', 'PEDIDO');
INSERT INTO `visitas` VALUES ('36', '03383', '2017-05-31', '12.1584852', '-86.304591', 'LOCAL', '10:32:59', '10:33:07', 'TIPO VISITA: COBRO: F03-C310517209', 'COBRO');
INSERT INTO `visitas` VALUES ('36', '03383', '2017-05-31', '12.1584852', '-86.304591', 'LOCAL', '10:33:11', '10:34:42', 'TIPO VISITA: PEDIDO: F03P31051742', 'PEDIDO');
INSERT INTO `visitas` VALUES ('16', '01816', '2017-05-31', '11.9101867', '-86.145762', 'LOCAL', '10:44:14', '10:46:06', 'TIPO VISITA: PEDIDO: F07P31051732', 'PEDIDO');
INSERT INTO `visitas` VALUES ('36', '02551', '2017-05-31', '12.1538659', '-86.306264', 'LOCAL', '10:45:50', '10:47:43', 'TIPO VISITA: PEDIDO: F03P31051743', 'PEDIDO');
INSERT INTO `visitas` VALUES ('22', '02584', '2017-05-31', '0.0', '0.0', 'NOLOC', '10:46:57', '10:47:39', 'TIPO VISITA: PEDIDO: F19P31051731', 'PEDIDO');
INSERT INTO `visitas` VALUES ('36', '00828', '2017-05-31', '12.1521272', '-86.307663', 'LOCAL', '10:59:04', '10:59:24', 'TIPO DE VISITA: RAZON: F03R3105173', 'RAZON');
INSERT INTO `visitas` VALUES ('36', '01419', '2017-05-31', '12.1461155', '-86.304921', 'LOCAL', '11:30:05', '11:30:26', 'TIPO DE VISITA: RAZON: F03R3105174', 'RAZON');
INSERT INTO `visitas` VALUES ('25', '01753', '2017-05-31', '12.1466334', '-86.242048', 'NOLOC', '11:09:01', '11:31:58', 'TIPO VISITA: PEDIDO: F19P31051732', 'PEDIDO');
INSERT INTO `visitas` VALUES ('36', '01419', '2017-05-31', '12.1463599', '-86.304829', 'LOCAL', '12:00:12', '12:01:21', 'TIPO VISITA: PEDIDO: F03P31051744', 'PEDIDO');
INSERT INTO `visitas` VALUES ('36', '01533', '2017-05-31', '12.1496351', '-86.289607', 'LOCAL', '12:32:21', '12:33:52', 'TIPO VISITA: PEDIDO: F03P31051745', 'PEDIDO');
INSERT INTO `visitas` VALUES ('25', '01066', '2017-05-31', '12.1383299', '-86.261092', 'LOCAL', '12:41:10', '12:44:09', 'TIPO VISITA: PEDIDO: F19P31051733', 'PEDIDO');
INSERT INTO `visitas` VALUES ('36', '01202', '2017-05-31', '12.1384417', '-86.292778', 'NOLOC', '13:21:47', '13:22:35', 'TIPO VISITA: PEDIDO: F03P31051746', 'PEDIDO');
INSERT INTO `visitas` VALUES ('14', '02449', '2017-05-29', '12.4411328', '-86.869040', 'LOCAL', '11:21:54', '11:22:48', 'TIPO VISITA: COBRO: F06-C290517201', 'COBRO');
INSERT INTO `visitas` VALUES ('14', '02449', '2017-05-29', '12.4427198', '-86.863932', 'LOCAL', '14:33:47', '14:36:34', 'TIPO VISITA: PEDIDO: F06P29051732', 'PEDIDO');
INSERT INTO `visitas` VALUES ('14', '03424', '2017-05-30', '12.431748', '-86.842583', 'LOCAL', '06:15:30', '06:16:15', 'TIPO VISITA: COBRO: F06-C300517202', 'COBRO');
INSERT INTO `visitas` VALUES ('38', '03424', '2017-05-30', '12.431748', '-86.842583', 'LOCAL', '06:18:19', '06:21:14', 'TIPO VISITA: PEDIDO: F06P30051733', 'PEDIDO');
INSERT INTO `visitas` VALUES ('38', '01865', '2017-05-31', '12.4333087', '-86.840852', 'LOCAL', '13:57:41', '14:00:51', 'TIPO VISITA: PEDIDO: F06P31051734', 'PEDIDO');
INSERT INTO `visitas` VALUES ('0', '01891', '2017-05-31', '12.1378708', '-86.253475', 'NOLOC', '09:35:16', '09:37:01', 'TIPO VISITA: PEDIDO: F04P31051731', 'PEDIDO');
INSERT INTO `visitas` VALUES ('0', '02053', '2017-05-31', '12.1377227', '-86.252404', 'NOLOC', '14:19:09', '14:21:22', 'TIPO VISITA: PEDIDO: F04P31051732', 'PEDIDO');
INSERT INTO `visitas` VALUES ('38', '00352', '2017-05-31', '12.4329297', '-86.840590', 'LOCAL', '14:23:33', '14:24:50', 'TIPO VISITA: PEDIDO: F06P31051735', 'PEDIDO');
INSERT INTO `visitas` VALUES ('38', '00161', '2017-05-31', '12.4330218', '-86.840583', 'LOCAL', '14:40:14', '14:44:58', 'TIPO VISITA: PEDIDO: F06P31051736', 'PEDIDO');
INSERT INTO `visitas` VALUES ('33', '02498', '2017-05-29', '12.6636598', '-87.173289', 'LOCAL', '09:14:08', '09:15:49', 'TIPO VISITA: COBRO: F14-C290517201', 'COBRO');
INSERT INTO `visitas` VALUES ('33', '01488', '2017-05-29', '12.6612152', '-87.16609', 'LOCAL', '11:23:28', '11:24:12', 'TIPO VISITA: COBRO: F14-C290517202', 'COBRO');
INSERT INTO `visitas` VALUES ('33', '02596', '2017-05-29', '12.6613854', '-87.166030', 'LOCAL', '11:24:36', '11:25:57', 'TIPO VISITA: COBRO: F14-C290517203', 'COBRO');
INSERT INTO `visitas` VALUES ('33', '01487', '2017-05-29', '12.661216', '-87.166167', 'LOCAL', '11:26:24', '11:28:16', 'TIPO VISITA: COBRO: F14-C290517204', 'COBRO');
INSERT INTO `visitas` VALUES ('33', '01489', '2017-05-29', '12.6613762', '-87.166029', 'LOCAL', '11:28:31', '11:29:44', 'TIPO VISITA: COBRO: F14-C290517205', 'COBRO');
INSERT INTO `visitas` VALUES ('33', '03329', '2017-05-29', '12.6565717', '-87.161217', 'LOCAL', '14:32:22', '14:34:33', 'TIPO VISITA: PEDIDO: F14P29051731', 'PEDIDO');
INSERT INTO `visitas` VALUES ('33', '03175', '2017-05-29', '12.6335659', '-87.140641', 'LOCAL', '15:02:07', '15:03:20', 'TIPO VISITA: COBRO: F14-C290517206', 'COBRO');
INSERT INTO `visitas` VALUES ('33', '03175', '2017-05-29', '12.6335659', '-87.140641', 'LOCAL', '15:03:23', '15:03:55', 'TIPO VISITA: PEDIDO: F14P29051732', 'PEDIDO');
INSERT INTO `visitas` VALUES ('33', '03413', '2017-05-29', '12.6352958', '-87.140855', 'LOCAL', '15:18:32', '15:31:47', 'TIPO VISITA: COBRO: F14-C290517207', 'COBRO');
INSERT INTO `visitas` VALUES ('33', '03413', '2017-05-29', '12.6352958', '-87.140855', 'LOCAL', '15:31:50', '15:33:23', 'TIPO VISITA: PEDIDO: F14P29051733', 'PEDIDO');
INSERT INTO `visitas` VALUES ('33', '03185', '2017-05-29', '12.6281009', '-87.141198', 'LOCAL', '15:41:08', '15:47:26', 'TIPO VISITA: COBRO: F14-C290517208', 'COBRO');
INSERT INTO `visitas` VALUES ('33', '03185', '2017-05-29', '12.6281009', '-87.141198', 'LOCAL', '15:47:29', '15:50:20', 'TIPO VISITA: PEDIDO: F14P29051734', 'PEDIDO');
INSERT INTO `visitas` VALUES ('33', '00971', '2017-05-30', '12.6273984', '-87.132473', 'LOCAL', '11:45:05', '11:45:53', 'TIPO VISITA: COBRO: F14-C300517209', 'COBRO');
INSERT INTO `visitas` VALUES ('33', '03142', '2017-05-30', '12.6284728', '-87.129858', 'LOCAL', '11:56:37', '12:09:43', 'TIPO VISITA: COBRO: F14-C300517210', 'COBRO');
INSERT INTO `visitas` VALUES ('33', '01208', '2017-05-31', '13.0456022', '-86.904334', 'LOCAL', '11:39:20', '11:40:10', 'TIPO VISITA: COBRO: F14-C310517211', 'COBRO');
INSERT INTO `visitas` VALUES ('33', '01208', '2017-05-31', '13.0456022', '-86.904334', 'LOCAL', '11:40:13', '11:57:12', 'TIPO VISITA: PEDIDO: F14P31051735', 'PEDIDO');
INSERT INTO `visitas` VALUES ('33', '02525', '2017-05-31', '13.0487327', '-86.901573', 'LOCAL', '11:57:45', '11:58:37', 'TIPO VISITA: COBRO: F14-C310517212', 'COBRO');
INSERT INTO `visitas` VALUES ('33', '01493', '2017-05-31', '13.0487327', '-86.901573', 'LOCAL', '11:59:06', '12:00:03', 'TIPO VISITA: COBRO: F14-C310517213', 'COBRO');
INSERT INTO `visitas` VALUES ('18', '00082', '2017-05-29', '12.1251243', '-86.297060', 'LOCAL', '08:58:07', '08:59:17', 'TIPO VISITA: COBRO: F13-C290517201', 'COBRO');
INSERT INTO `visitas` VALUES ('18', '03088', '2017-05-29', '12.1241167', '-86.295816', 'LOCAL', '09:20:46', '09:20:57', 'TIPO DE VISITA: RAZON: F13R2905171', 'RAZON');
INSERT INTO `visitas` VALUES ('18', '02323', '2017-05-29', '12.1359748', '-86.278306', 'LOCAL', '10:52:16', '10:52:30', 'TIPO DE VISITA: RAZON: F13R2905172', 'RAZON');
INSERT INTO `visitas` VALUES ('18', '01648', '2017-05-29', '12.1415402', '-86.297995', 'LOCAL', '11:21:05', '11:49:39', 'TIPO VISITA: COBRO: F13-C290517202', 'COBRO');
INSERT INTO `visitas` VALUES ('18', '01305', '2017-05-29', '12.1108144', '-86.286911', 'LOCAL', '13:23:33', '13:24:26', 'TIPO VISITA: COBRO: F13-C290517203', 'COBRO');
INSERT INTO `visitas` VALUES ('37', '03115', '2017-05-31', '0.0', '0.0', 'LOCAL', '17:02:42', '17:11:30', 'TIPO VISITA: PEDIDO: F13P31051736', 'PEDIDO');
INSERT INTO `visitas` VALUES ('37', '02318', '2017-05-31', '12.1084294', '-86.248352', 'LOCAL', '17:38:26', '17:41:06', 'TIPO VISITA: PEDIDO: F13P31051737', 'PEDIDO');
INSERT INTO `visitas` VALUES ('33', '03407', '2017-05-31', '12.6323732', '-87.124090', 'LOCAL', '17:47:43', '17:48:09', 'TIPO VISITA: COBRO: F14-C310517214', 'COBRO');
INSERT INTO `visitas` VALUES ('28', '01006', '2017-06-01', '13.0887989', '-86.356526', 'LOCAL', '07:57:51', '07:59:42', 'TIPO VISITA: PEDIDO: F09P01061737', 'PEDIDO');
INSERT INTO `visitas` VALUES ('28', '01006', '2017-06-01', '13.1007431', '-86.361911', 'LOCAL', '08:20:51', '08:21:23', 'TIPO VISITA: PEDIDO: F09P01061738', 'PEDIDO');
INSERT INTO `visitas` VALUES ('28', '00894', '2017-06-01', '13.0973815', '-86.353042', 'LOCAL', '08:38:26', '08:39:12', 'TIPO VISITA: PEDIDO: F09P01061739', 'PEDIDO');
INSERT INTO `visitas` VALUES ('28', '01003', '2017-06-01', '13.0761544', '-86.352408', 'LOCAL', '09:22:29', '09:26:19', 'TIPO VISITA: PEDIDO: F09P01061740', 'PEDIDO');
INSERT INTO `visitas` VALUES ('36', '01203', '2017-06-01', '12.1697796', '-86.342547', 'NOLOC', '08:10:53', '08:11:22', 'TIPO VISITA: PEDIDO: F03P01061747', 'PEDIDO');
INSERT INTO `visitas` VALUES ('36', '03146', '2017-06-01', '12.1981083', '-86.387123', 'LOCAL', '09:02:41', '09:04:08', 'TIPO VISITA: PEDIDO: F03P01061748', 'PEDIDO');
INSERT INTO `visitas` VALUES ('36', '03460', '2017-06-01', '12.1964932', '-86.374900', 'NOLOC', '09:13:10', '09:13:51', 'TIPO VISITA: PEDIDO: F03P01061749', 'PEDIDO');
INSERT INTO `visitas` VALUES ('36', '01202', '2017-06-01', '12.170802', '-86.359258', 'LOCAL', '09:47:20', '09:47:41', 'TIPO VISITA: PEDIDO: F03P01061750', 'PEDIDO');
INSERT INTO `visitas` VALUES ('21', '00066', '2017-05-30', '12.1279477', '-86.215254', 'NOLOC', '09:08:02', '09:09:14', 'TIPO VISITA: PEDIDO: F05P30051735', 'PEDIDO');
INSERT INTO `visitas` VALUES ('29', '01427', '2017-06-01', '12.122332', '-86.209566', 'NOLOC', '09:47:16', '09:50:01', 'TIPO VISITA: PEDIDO: F05P01061736', 'PEDIDO');
INSERT INTO `visitas` VALUES ('33', '02054', '2017-06-01', '12.6297947', '-87.135136', 'LOCAL', '09:49:20', '09:51:12', 'TIPO VISITA: PEDIDO: F14P01061736', 'PEDIDO');
INSERT INTO `visitas` VALUES ('19', '00329', '2017-06-01', '11.6874734', '-84.458101', 'LOCAL', '09:03:31', '09:06:58', 'TIPO VISITA: PEDIDO: F11P01061731', 'PEDIDO');
INSERT INTO `visitas` VALUES ('19', '00967', '2017-06-01', '11.6893054', '-84.453265', 'LOCAL', '09:26:08', '09:36:05', 'TIPO VISITA: PEDIDO: F11P01061732', 'PEDIDO');
INSERT INTO `visitas` VALUES ('19', '03491', '2017-06-01', '11.6883181', '-84.451751', 'LOCAL', '10:19:17', '10:19:57', 'TIPO VISITA: PEDIDO: F11P01061733', 'PEDIDO');
INSERT INTO `visitas` VALUES ('36', '03233', '2017-06-01', '12.170802', '-86.359258', 'LOCAL', '10:00:08', '10:08:14', 'TIPO VISITA: PEDIDO: F03P01061751', 'PEDIDO');
INSERT INTO `visitas` VALUES ('36', '02562', '2017-06-01', '12.1653976', '-86.363382', 'LOCAL', '10:34:18', '10:35:37', 'TIPO VISITA: PEDIDO: F03P01061752', 'PEDIDO');
INSERT INTO `visitas` VALUES ('24', '00574', '2017-05-27', '12.1022237', '-86.264385', 'LOCAL', '11:16:50', '11:18:28', 'TIPO VISITA: PEDIDO: F20P27051731', 'PEDIDO');
INSERT INTO `visitas` VALUES ('24', '00574', '2017-05-27', '12.1021335', '-86.264306', 'LOCAL', '11:21:30', '11:22:01', 'TIPO VISITA: PEDIDO: F20P27051732', 'PEDIDO');
INSERT INTO `visitas` VALUES ('26', '03411', '2017-06-01', '13.0785681', '-86.353519', 'LOCAL', '07:42:07', '07:42:54', 'TIPO DE VISITA: RAZON: F20R0106171', 'RAZON');
INSERT INTO `visitas` VALUES ('26', '03123', '2017-06-01', '13.0787316', '-86.353477', 'LOCAL', '07:51:09', '07:51:55', 'TIPO DE VISITA: RAZON: F20R0106172', 'RAZON');
INSERT INTO `visitas` VALUES ('26', '03123', '2017-06-01', '13.0785507', '-86.353398', 'LOCAL', '07:53:36', '07:54:07', 'TIPO DE VISITA: RAZON: F20R0106173', 'RAZON');
INSERT INTO `visitas` VALUES ('26', '03123', '2017-06-01', '13.0786417', '-86.353477', 'LOCAL', '07:57:26', '07:57:59', 'TIPO DE VISITA: RAZON: F20R0106174', 'RAZON');
INSERT INTO `visitas` VALUES ('26', '03123', '2017-06-01', '13.0787316', '-86.353477', 'LOCAL', '07:59:30', '07:59:43', 'TIPO DE VISITA: RAZON: F20R0106175', 'RAZON');
INSERT INTO `visitas` VALUES ('26', '03123', '2017-06-01', '13.0786417', '-86.353477', 'LOCAL', '08:00:06', '08:00:41', 'TIPO DE VISITA: RAZON: F20R0106176', 'RAZON');
INSERT INTO `visitas` VALUES ('28', '02071', '2017-06-01', '13.0844388', '-86.353358', 'LOCAL', '10:44:53', '10:47:08', 'TIPO VISITA: PEDIDO: F09P01061741', 'PEDIDO');
INSERT INTO `visitas` VALUES ('29', '01684', '2017-06-01', '12.1677375', '-86.109562', 'NOLOC', '10:53:27', '10:57:11', 'TIPO VISITA: PEDIDO: F05P01061737', 'PEDIDO');
INSERT INTO `visitas` VALUES ('19', '03348', '2017-06-01', '11.6903374', '-84.452688', 'LOCAL', '10:47:58', '11:06:18', 'TIPO VISITA: PEDIDO: F11P01061734', 'PEDIDO');
INSERT INTO `visitas` VALUES ('19', '03515', '2017-06-01', '11.6926421', '-84.457152', 'LOCAL', '11:15:34', '11:34:20', 'TIPO VISITA: PEDIDO: F11P01061735', 'PEDIDO');
INSERT INTO `visitas` VALUES ('36', '03265', '2017-06-01', '12.1599085', '-86.364049', 'LOCAL', '10:54:33', '10:55:21', 'TIPO VISITA: PEDIDO: F03P01061753', 'PEDIDO');
INSERT INTO `visitas` VALUES ('36', '03473', '2017-06-01', '12.164803', '-86.364326', 'LOCAL', '11:03:00', '11:03:07', 'TIPO DE VISITA: RAZON: F03R0106175', 'RAZON');
INSERT INTO `visitas` VALUES ('19', '01879', '2017-06-01', '11.6916224', '-84.456399', 'LOCAL', '11:44:49', '11:49:42', 'TIPO VISITA: PEDIDO: F11P01061736', 'PEDIDO');
INSERT INTO `visitas` VALUES ('36', '03147', '2017-06-01', '12.1657894', '-86.357912', 'LOCAL', '12:19:55', '12:21:25', 'TIPO VISITA: PEDIDO: F03P01061754', 'PEDIDO');
INSERT INTO `visitas` VALUES ('36', '02021', '2017-06-01', '12.1654969', '-86.358683', 'LOCAL', '12:48:57', '12:49:29', 'TIPO VISITA: PEDIDO: F03P01061755', 'PEDIDO');
INSERT INTO `visitas` VALUES ('33', '03487', '2017-06-01', '12.4815573', '-87.172155', 'LOCAL', '11:47:19', '11:49:34', 'TIPO VISITA: COBRO: F14-C010617215', 'COBRO');
INSERT INTO `visitas` VALUES ('33', '03280', '2017-06-01', '12.5020234', '-87.185698', 'LOCAL', '13:13:26', '13:15:45', 'TIPO VISITA: PEDIDO: F14P01061737', 'PEDIDO');
INSERT INTO `visitas` VALUES ('37', '01291', '2017-06-01', '12.1087527', '-86.296828', 'LOCAL', '09:09:28', '09:09:56', 'TIPO VISITA: COBRO: F13-C010617204', 'COBRO');
INSERT INTO `visitas` VALUES ('37', '01177', '2017-06-01', '12.111825', '-86.295870', 'LOCAL', '09:33:30', '09:33:37', 'TIPO DE VISITA: RAZON: F13R0106173', 'RAZON');
INSERT INTO `visitas` VALUES ('37', '00711', '2017-06-01', '12.1080339', '-86.296759', 'LOCAL', '10:36:44', '10:49:55', 'TIPO VISITA: PEDIDO: F13P01061738', 'PEDIDO');
INSERT INTO `visitas` VALUES ('37', '03385', '2017-06-01', '12.1011109', '-86.266030', 'LOCAL', '13:18:27', '13:20:04', 'TIPO VISITA: PEDIDO: F13P01061739', 'PEDIDO');
INSERT INTO `visitas` VALUES ('36', '01791', '2017-06-01', '12.1278665', '-86.299851', 'LOCAL', '14:40:43', '14:41:25', 'TIPO VISITA: PEDIDO: F03P01061756', 'PEDIDO');
INSERT INTO `visitas` VALUES ('36', '03460', '2017-06-01', '12.1142884', '-86.207233', 'NOLOC', '16:26:06', '16:26:54', 'TIPO VISITA: PEDIDO: F03P01061757', 'PEDIDO');
INSERT INTO `visitas` VALUES ('31', '00598', '2017-06-01', '12.1002428', '-85.381971', 'LOCAL', '16:36:58', '16:38:57', 'TIPO VISITA: PEDIDO: F11P01061737', 'PEDIDO');
INSERT INTO `visitas` VALUES ('36', '03328', '2017-06-02', '12.1418795', '-86.259823', 'LOCAL', '08:15:59', '08:16:09', 'TIPO DE VISITA: RAZON: F03R0206176', 'RAZON');
INSERT INTO `visitas` VALUES ('36', '03409', '2017-06-02', '12.1542327', '-86.276640', 'LOCAL', '08:47:49', '08:47:55', 'TIPO DE VISITA: RAZON: F03R0206177', 'RAZON');
INSERT INTO `visitas` VALUES ('36', '01791', '2017-06-02', '12.1303847', '-86.297432', 'LOCAL', '09:31:30', '09:32:49', 'TIPO VISITA: PEDIDO: F03P02061758', 'PEDIDO');
INSERT INTO `visitas` VALUES ('36', '01533', '2017-06-02', '12.1490559', '-86.289646', 'LOCAL', '10:44:11', '10:44:28', 'TIPO VISITA: COBRO: F03-C020617210', 'COBRO');
INSERT INTO `visitas` VALUES ('28', '02256', '2017-06-02', '13.0909923', '-86.359060', 'LOCAL', '10:53:04', '10:54:01', 'TIPO VISITA: PEDIDO: F09P02061742', 'PEDIDO');
INSERT INTO `visitas` VALUES ('36', '01533', '2017-06-02', '12.1490559', '-86.289646', 'LOCAL', '10:54:19', '10:55:02', 'TIPO VISITA: PEDIDO: F03P02061759', 'PEDIDO');
INSERT INTO `visitas` VALUES ('28', '03425', '2017-06-02', '13.0913608', '-86.359694', 'LOCAL', '10:54:34', '10:58:03', 'TIPO VISITA: PEDIDO: F09P02061743', 'PEDIDO');
INSERT INTO `visitas` VALUES ('26', '03123', '2017-06-01', '13.092059', '-86.354982', 'LOCAL', '10:42:14', '10:42:28', 'TIPO DE VISITA: RAZON: F20R0106177', 'RAZON');
INSERT INTO `visitas` VALUES ('26', '03123', '2017-06-01', '13.0921045', '-86.355022', 'LOCAL', '10:42:42', '10:43:08', 'TIPO DE VISITA: RAZON: F20R0106178', 'RAZON');
INSERT INTO `visitas` VALUES ('26', '03495', '2017-06-02', '13.0786429', '-86.353556', 'LOCAL', '11:29:28', '11:32:06', 'TIPO VISITA: PEDIDO: F20P02061733', 'PEDIDO');
INSERT INTO `visitas` VALUES ('26', '03123', '2017-06-01', '13.092059', '-86.354982', 'LOCAL', '10:42:14', '10:42:28', 'TIPO DE VISITA: RAZON: F20R0106177', 'RAZON');
INSERT INTO `visitas` VALUES ('26', '03123', '2017-06-01', '13.0921045', '-86.355022', 'LOCAL', '10:42:42', '10:43:08', 'TIPO DE VISITA: RAZON: F20R0106178', 'RAZON');
INSERT INTO `visitas` VALUES ('26', '03495', '2017-06-02', '13.0786429', '-86.353556', 'LOCAL', '11:29:28', '11:32:06', 'TIPO VISITA: PEDIDO: F20P02061733', 'PEDIDO');
INSERT INTO `visitas` VALUES ('25', '01425', '2017-05-31', '0.0', '0.0', 'LOCAL', '15:11:16', '15:13:51', 'TIPO VISITA: PEDIDO: F19P31051734', 'PEDIDO');
INSERT INTO `visitas` VALUES ('25', '01287', '2017-06-02', '0.0', '0.0', 'NOLOC', '12:07:55', '12:08:44', 'TIPO VISITA: PEDIDO: F19P02061735', 'PEDIDO');
INSERT INTO `visitas` VALUES ('25', '01287', '2017-06-02', '0.0', '0.0', 'NOLOC', '12:08:47', '12:09:15', 'TIPO VISITA: PEDIDO: F19P02061736', 'PEDIDO');
INSERT INTO `visitas` VALUES ('29', '02001', '2017-06-02', '0.0', '0.0', 'NOLOC', '13:11:55', '13:12:26', 'TIPO VISITA: PEDIDO: F05P02061738', 'PEDIDO');
INSERT INTO `visitas` VALUES ('29', '00087', '2017-06-02', '12.1208354', '-86.224097', 'NOLOC', '13:12:58', '13:13:50', 'TIPO VISITA: PEDIDO: F05P02061739', 'PEDIDO');
INSERT INTO `visitas` VALUES ('29', '02068', '2017-06-02', '12.1407895', '-86.239319', 'NOLOC', '13:34:16', '13:35:25', 'TIPO VISITA: PEDIDO: F05P02061740', 'PEDIDO');
INSERT INTO `visitas` VALUES ('37', '00953', '2017-06-02', '12.10438', '-86.265654', 'LOCAL', '08:22:32', '08:22:47', 'TIPO VISITA: COBRO: F13-C020617205', 'COBRO');
INSERT INTO `visitas` VALUES ('37', '03385', '2017-06-02', '12.1008224', '-86.266058', 'LOCAL', '08:41:54', '08:42:09', 'TIPO VISITA: COBRO: F13-C020617206', 'COBRO');
INSERT INTO `visitas` VALUES ('37', '03385', '2017-06-02', '12.1008506', '-86.266087', 'LOCAL', '08:53:02', '08:56:15', 'TIPO VISITA: PEDIDO: F13P02061740', 'PEDIDO');
INSERT INTO `visitas` VALUES ('37', '03385', '2017-06-02', '12.125435', '-86.300310', 'LOCAL', '11:17:25', '11:19:15', 'TIPO VISITA: PEDIDO: F13P02061741', 'PEDIDO');
INSERT INTO `visitas` VALUES ('37', '02355', '2017-06-02', '12.1254719', '-86.300337', 'LOCAL', '11:24:26', '11:26:49', 'TIPO VISITA: PEDIDO: F13P02061742', 'PEDIDO');
INSERT INTO `visitas` VALUES ('26', '00963', '2017-06-02', '13.0911067', '-86.357595', 'LOCAL', '14:40:27', '14:41:22', 'TIPO VISITA: PEDIDO: F20P02061734', 'PEDIDO');
INSERT INTO `visitas` VALUES ('26', '00963', '2017-06-02', '13.0898021', '-86.351141', 'LOCAL', '15:01:12', '15:01:44', 'TIPO VISITA: PEDIDO: F20P02061735', 'PEDIDO');
INSERT INTO `visitas` VALUES ('33', '03194', '2017-06-01', '12.6154675', '-87.12472', 'LOCAL', '15:35:35', '15:36:58', 'TIPO VISITA: PEDIDO: F14P01061738', 'PEDIDO');
INSERT INTO `visitas` VALUES ('38', '01843', '2017-06-02', '12.102144', '-86.264256', 'LOCAL', '16:31:35', '16:32:09', 'TIPO VISITA: COBRO: F06-C020617203', 'COBRO');
INSERT INTO `visitas` VALUES ('38', '03257', '2017-06-02', '12.102155', '-86.264246', 'LOCAL', '16:48:17', '16:49:22', 'TIPO VISITA: PEDIDO: F06P02061737', 'PEDIDO');
INSERT INTO `visitas` VALUES ('36', '01802', '2017-06-05', '12.155965', '-86.281763', 'LOCAL', '08:12:15', '08:12:56', 'TIPO VISITA: COBRO: F03-C050617211', 'COBRO');
INSERT INTO `visitas` VALUES ('44', '01294', '2017-06-05', '12.1579612', '-86.288695', 'LOCAL', '08:36:42', '08:37:12', 'TIPO VISITA: COBRO: F03-C050617212', 'COBRO');
INSERT INTO `visitas` VALUES ('44', '01780', '2017-06-05', '12.1520202', '-86.303186', 'LOCAL', '08:50:37', '08:50:43', 'TIPO VISITA: COBRO: F03-C050617213', 'COBRO');
INSERT INTO `visitas` VALUES ('43', '02484', '2017-06-05', '12.6561141', '-87.168998', 'LOCAL', '08:54:08', '08:55:54', 'TIPO VISITA: PEDIDO: F14P05061739', 'PEDIDO');
INSERT INTO `visitas` VALUES ('43', '02484', '2017-06-05', '12.6561141', '-87.168998', 'LOCAL', '08:55:56', '08:56:42', 'TIPO VISITA: COBRO: F14-C050617216', 'COBRO');
INSERT INTO `visitas` VALUES ('44', '00718', '2017-06-05', '12.1520202', '-86.303186', 'LOCAL', '09:06:36', '09:07:52', 'TIPO VISITA: PEDIDO: F03P05061760', 'PEDIDO');
INSERT INTO `visitas` VALUES ('44', '01059', '2017-06-05', '12.1520202', '-86.303186', 'LOCAL', '09:17:35', '09:18:37', 'TIPO VISITA: PEDIDO: F03P05061761', 'PEDIDO');
INSERT INTO `visitas` VALUES ('28', '03475', '2017-06-05', '13.0996552', '-86.361277', 'LOCAL', '09:41:17', '09:46:58', 'TIPO VISITA: PEDIDO: F09P05061744', 'PEDIDO');
INSERT INTO `visitas` VALUES ('48', '00894', '2017-06-05', '13.1043399', '-86.361911', 'LOCAL', '09:48:45', '09:49:30', 'TIPO VISITA: PEDIDO: F09P05061745', 'PEDIDO');
INSERT INTO `visitas` VALUES ('38', '02475', '2017-06-05', '12.4346614', '-86.898568', 'LOCAL', '09:55:50', '09:56:29', 'TIPO VISITA: PEDIDO: F06P05061738', 'PEDIDO');
INSERT INTO `visitas` VALUES ('25', '01062', '2017-06-05', '0.0', '0.0', 'LOCAL', '09:58:14', '10:00:11', 'TIPO VISITA: PEDIDO: F19P05061737', 'PEDIDO');
INSERT INTO `visitas` VALUES ('26', '03123', '2017-06-05', '12.9370376', '-85.908663', 'LOCAL', '10:24:22', '10:25:07', 'TIPO VISITA: PEDIDO: F20P05061736', 'PEDIDO');
INSERT INTO `visitas` VALUES ('43', '03314', '2017-06-05', '12.6648027', '-87.167306', 'LOCAL', '09:55:58', '09:56:37', 'TIPO VISITA: COBRO: F14-C050617217', 'COBRO');
INSERT INTO `visitas` VALUES ('43', '01489', '2017-06-05', '12.665092', '-87.167112', 'LOCAL', '10:25:00', '10:25:30', 'TIPO VISITA: PEDIDO: F14P05061740', 'PEDIDO');
INSERT INTO `visitas` VALUES ('43', '01489', '2017-06-05', '12.665092', '-87.167112', 'LOCAL', '10:25:31', '10:26:30', 'TIPO VISITA: COBRO: F14-C050617218', 'COBRO');
INSERT INTO `visitas` VALUES ('0', '00369', '2017-06-05', '12.1021907', '-86.264415', 'NOLOC', '10:33:33', '10:34:32', 'TIPO VISITA: COBRO: F02-C050617201', 'COBRO');
INSERT INTO `visitas` VALUES ('35', '00181', '2017-06-01', '11.9782913', '-86.102168', 'LOCAL', '09:07:39', '09:08:09', 'TIPO VISITA: PEDIDO: F07P01061733', 'PEDIDO');
INSERT INTO `visitas` VALUES ('35', '01690', '2017-06-05', '11.9721267', '-86.086779', 'LOCAL', '10:39:42', '10:40:31', 'TIPO VISITA: PEDIDO: F07P05061734', 'PEDIDO');
INSERT INTO `visitas` VALUES ('44', '01951', '2017-06-05', '12.1609039', '-86.295355', 'LOCAL', '10:41:52', '10:42:03', 'TIPO VISITA: COBRO: F03-C050617214', 'COBRO');
INSERT INTO `visitas` VALUES ('48', '00988', '2017-06-05', '13.0847895', '-86.352725', 'LOCAL', '10:44:55', '10:45:22', 'TIPO VISITA: PEDIDO: F09P05061746', 'PEDIDO');
INSERT INTO `visitas` VALUES ('29', '03050', '2017-06-05', '12.1792823', '-86.100881', 'NOLOC', '11:00:24', '11:00:50', 'TIPO VISITA: PEDIDO: F05P05061741', 'PEDIDO');
INSERT INTO `visitas` VALUES ('46', '01647', '2017-06-05', '12.1782656', '-86.093940', 'NOLOC', '11:07:07', '11:08:08', 'TIPO VISITA: PEDIDO: F05P05061742', 'PEDIDO');
INSERT INTO `visitas` VALUES ('44', '01533', '2017-06-05', '12.1490559', '-86.289646', 'LOCAL', '11:11:09', '11:11:16', 'TIPO VISITA: COBRO: F03-C050617215', 'COBRO');
INSERT INTO `visitas` VALUES ('44', '03058', '2017-06-05', '12.1490559', '-86.289646', 'LOCAL', '11:11:46', '11:11:54', 'TIPO DE VISITA: RAZON: F03R0506178', 'RAZON');
INSERT INTO `visitas` VALUES ('43', '01488', '2017-06-05', '12.6668002', '-87.169291', 'LOCAL', '11:12:15', '11:12:57', 'TIPO VISITA: PEDIDO: F14P05061741', 'PEDIDO');
INSERT INTO `visitas` VALUES ('43', '01488', '2017-06-05', '12.6668002', '-87.169291', 'LOCAL', '11:12:59', '11:13:44', 'TIPO VISITA: COBRO: F14-C050617219', 'COBRO');
INSERT INTO `visitas` VALUES ('44', '03061', '2017-06-05', '12.1490559', '-86.289646', 'LOCAL', '11:25:34', '11:25:43', 'TIPO DE VISITA: RAZON: F03R0506179', 'RAZON');
INSERT INTO `visitas` VALUES ('0', '03039', '2017-06-05', '0.0', '0.0', 'LOCAL', '09:02:34', '09:04:28', 'TIPO VISITA: COBRO: F04-C050617201', 'COBRO');
INSERT INTO `visitas` VALUES ('0', '01312', '2017-06-05', '12.1384982', '-86.253713', 'LOCAL', '09:04:52', '09:05:41', 'TIPO VISITA: COBRO: F04-C050617202', 'COBRO');
INSERT INTO `visitas` VALUES ('0', '03100', '2017-06-05', '12.1487287', '-86.259314', 'LOCAL', '11:44:51', '11:47:05', 'TIPO VISITA: PEDIDO: F04P05061733', 'PEDIDO');
INSERT INTO `visitas` VALUES ('0', '03100', '2017-06-05', '12.1487287', '-86.259314', 'LOCAL', '11:47:07', '11:47:16', 'TIPO VISITA: COBRO: F04-C050617203', 'COBRO');
INSERT INTO `visitas` VALUES ('43', '03298', '2017-06-05', '12.661033', '-87.166015', 'LOCAL', '11:50:34', '11:51:09', 'TIPO VISITA: PEDIDO: F14P05061742', 'PEDIDO');
INSERT INTO `visitas` VALUES ('48', '03269', '2017-06-05', '13.0844388', '-86.353358', 'LOCAL', '11:51:40', '11:53:00', 'TIPO VISITA: PEDIDO: F09P05061747', 'PEDIDO');
INSERT INTO `visitas` VALUES ('51', '00568', '2017-06-05', '12.7655511', '-85.627407', 'LOCAL', '12:05:39', '12:07:49', 'TIPO VISITA: PEDIDO: F20P05061737', 'PEDIDO');
INSERT INTO `visitas` VALUES ('37', '01769', '2017-06-05', '12.1307759', '-86.293663', 'LOCAL', '10:26:45', '10:26:56', 'TIPO DE VISITA: RAZON: F13R0506174', 'RAZON');
INSERT INTO `visitas` VALUES ('37', '01378', '2017-06-05', '12.1359748', '-86.278306', 'LOCAL', '12:14:50', '12:17:27', 'TIPO VISITA: PEDIDO: F13P05061743', 'PEDIDO');
INSERT INTO `visitas` VALUES ('43', '03141', '2017-06-05', '12.6567164', '-87.157908', 'LOCAL', '12:42:42', '12:44:02', 'TIPO VISITA: PEDIDO: F14P05061743', 'PEDIDO');
INSERT INTO `visitas` VALUES ('40', '01648', '2017-06-05', '12.1359748', '-86.278306', 'LOCAL', '12:35:41', '12:47:01', 'TIPO VISITA: PEDIDO: F13P05061744', 'PEDIDO');
INSERT INTO `visitas` VALUES ('40', '01648', '2017-06-05', '12.1376255', '-86.291748', 'LOCAL', '12:56:33', '13:09:20', 'TIPO VISITA: PEDIDO: F13P05061745', 'PEDIDO');
INSERT INTO `visitas` VALUES ('0', '02053', '2017-06-05', '12.1500245', '-86.259832', 'LOCAL', '12:29:21', '12:29:43', 'TIPO DE VISITA: RAZON: F04R0506171', 'RAZON');
INSERT INTO `visitas` VALUES ('0', '02118', '2017-06-05', '12.1500245', '-86.259832', 'LOCAL', '13:12:06', '13:12:13', 'TIPO VISITA: COBRO: F04-C050617204', 'COBRO');
INSERT INTO `visitas` VALUES ('0', '01998', '2017-06-05', '12.1519093', '-86.251450', 'LOCAL', '13:31:03', '13:31:50', 'TIPO VISITA: COBRO: F04-C050617205', 'COBRO');
INSERT INTO `visitas` VALUES ('0', '03177', '2017-06-05', '12.1499479', '-86.259704', 'LOCAL', '13:45:14', '13:45:27', 'TIPO VISITA: COBRO: F04-C050617206', 'COBRO');
INSERT INTO `visitas` VALUES ('0', '02331', '2017-06-05', '12.1505295', '-86.259259', 'LOCAL', '13:57:53', '14:00:36', 'TIPO VISITA: PEDIDO: F04P05061734', 'PEDIDO');
INSERT INTO `visitas` VALUES ('51', '03086', '2017-06-05', '12.6644975', '-85.787626', 'LOCAL', '14:08:37', '14:33:09', 'TIPO VISITA: PEDIDO: F20P05061738', 'PEDIDO');
INSERT INTO `visitas` VALUES ('48', '01011', '2017-06-05', '13.0898155', '-86.352091', 'LOCAL', '14:46:22', '14:47:23', 'TIPO VISITA: PEDIDO: F09P05061748', 'PEDIDO');
INSERT INTO `visitas` VALUES ('39', '00032', '2017-06-05', '12.4360487', '-86.882979', 'LOCAL', '11:57:14', '11:58:05', 'TIPO VISITA: COBRO: F06-C050617204', 'COBRO');
INSERT INTO `visitas` VALUES ('39', '03439', '2017-06-05', '12.4360487', '-86.882979', 'LOCAL', '11:59:14', '12:00:54', 'TIPO VISITA: COBRO: F06-C050617205', 'COBRO');
INSERT INTO `visitas` VALUES ('39', '03225', '2017-06-05', '12.4238708', '-86.879864', 'LOCAL', '14:51:28', '14:52:49', 'TIPO VISITA: PEDIDO: F06P05061739', 'PEDIDO');
INSERT INTO `visitas` VALUES ('32', '00563', '2017-06-01', '12.7285512', '-86.123174', 'LOCAL', '11:27:12', '11:28:27', 'TIPO VISITA: PEDIDO: F10P01061732', 'PEDIDO');
INSERT INTO `visitas` VALUES ('32', '02365', '2017-06-01', '12.7303576', '-86.124129', 'LOCAL', '13:06:19', '13:16:27', 'TIPO VISITA: PEDIDO: F10P01061733', 'PEDIDO');
INSERT INTO `visitas` VALUES ('32', '00449', '2017-06-05', '12.9358276', '-85.917956', 'LOCAL', '15:03:08', '15:11:02', 'TIPO VISITA: PEDIDO: F10P05061734', 'PEDIDO');
INSERT INTO `visitas` VALUES ('44', '01791', '2017-06-05', '12.1297924', '-86.295213', 'LOCAL', '15:18:27', '15:18:39', 'TIPO VISITA: COBRO: F03-C050617216', 'COBRO');
INSERT INTO `visitas` VALUES ('42', '01467', '2017-06-05', '11.9806532', '-86.101209', 'LOCAL', '15:25:10', '15:27:00', 'TIPO VISITA: PEDIDO: F07P05061735', 'PEDIDO');
INSERT INTO `visitas` VALUES ('39', '03446', '2017-06-05', '12.4410837', '-86.869176', 'LOCAL', '15:30:58', '15:33:09', 'TIPO VISITA: PEDIDO: F06P05061740', 'PEDIDO');
INSERT INTO `visitas` VALUES ('48', '02104', '2017-06-05', '13.0899089', '-86.358743', 'LOCAL', '15:35:25', '15:35:54', 'TIPO VISITA: PEDIDO: F09P05061749', 'PEDIDO');
INSERT INTO `visitas` VALUES ('42', '03271', '2017-06-05', '11.9807689', '-86.101344', 'LOCAL', '15:37:31', '15:38:04', 'TIPO VISITA: PEDIDO: F07P05061736', 'PEDIDO');
INSERT INTO `visitas` VALUES ('52', '02416', '2017-06-05', '12.9367781', '-85.918475', 'LOCAL', '16:07:42', '16:09:40', 'TIPO VISITA: PEDIDO: F10P05061735', 'PEDIDO');
INSERT INTO `visitas` VALUES ('39', '00024', '2017-06-05', '12.4425162', '-86.867796', 'LOCAL', '16:06:29', '16:08:06', 'TIPO VISITA: PEDIDO: F06P05061741', 'PEDIDO');
INSERT INTO `visitas` VALUES ('43', '03413', '2017-06-05', '12.6352443', '-87.140828', 'LOCAL', '16:08:08', '16:09:33', 'TIPO VISITA: PEDIDO: F14P05061744', 'PEDIDO');
INSERT INTO `visitas` VALUES ('43', '03413', '2017-06-05', '12.6352443', '-87.140828', 'LOCAL', '16:09:34', '16:10:02', 'TIPO VISITA: COBRO: F14-C050617220', 'COBRO');
INSERT INTO `visitas` VALUES ('52', '03392', '2017-06-06', '12.9359309', '-85.918106', 'LOCAL', '06:57:59', '07:07:50', 'TIPO VISITA: PEDIDO: F10P06061736', 'PEDIDO');
INSERT INTO `visitas` VALUES ('52', '02366', '2017-06-06', '12.9359537', '-85.918126', 'LOCAL', '08:16:28', '08:17:23', 'TIPO VISITA: PEDIDO: F10P06061737', 'PEDIDO');
INSERT INTO `visitas` VALUES ('44', '00873', '2017-06-06', '12.1698709', '-86.342706', 'LOCAL', '08:21:45', '08:28:02', 'TIPO VISITA: PEDIDO: F03P06061762', 'PEDIDO');
INSERT INTO `visitas` VALUES ('43', '03122', '2017-06-05', '12.6308028', '-87.136219', 'LOCAL', '16:43:48', '16:44:36', 'TIPO VISITA: COBRO: F14-C050617221', 'COBRO');
INSERT INTO `visitas` VALUES ('43', '01377', '2017-06-06', '12.6333283', '-87.141128', 'LOCAL', '08:36:17', '08:37:20', 'TIPO VISITA: PEDIDO: F14P06061745', 'PEDIDO');
INSERT INTO `visitas` VALUES ('44', '01098', '2017-06-06', '12.1967923', '-86.368364', 'LOCAL', '08:43:40', '08:43:50', 'TIPO DE VISITA: RAZON: F03R06061710', 'RAZON');
INSERT INTO `visitas` VALUES ('44', '03522', '2017-06-06', '12.1967923', '-86.368364', 'LOCAL', '08:44:23', '08:44:52', 'TIPO DE VISITA: RAZON: F03R06061711', 'RAZON');
INSERT INTO `visitas` VALUES ('44', '01097', '2017-06-06', '12.2365994', '-86.430553', 'LOCAL', '09:07:19', '09:07:38', 'TIPO VISITA: COBRO: F03-C060617217', 'COBRO');
INSERT INTO `visitas` VALUES ('51', '00581', '2017-06-06', '12.9244999', '-85.223163', 'LOCAL', '07:40:09', '07:44:35', 'TIPO VISITA: PEDIDO: F20P06061739', 'PEDIDO');
INSERT INTO `visitas` VALUES ('51', '03295', '2017-06-06', '13.1806238', '-84.954279', 'LOCAL', '09:07:48', '09:10:11', 'TIPO VISITA: PEDIDO: F20P06061740', 'PEDIDO');
INSERT INTO `visitas` VALUES ('46', '01285', '2017-06-06', '12.1522592', '-86.189153', 'NOLOC', '09:19:10', '09:20:52', 'TIPO VISITA: PEDIDO: F05P06061743', 'PEDIDO');
INSERT INTO `visitas` VALUES ('44', '03460', '2017-06-06', '12.2625127', '-86.565179', 'LOCAL', '09:30:54', '09:31:18', 'TIPO VISITA: COBRO: F03-C060617218', 'COBRO');
INSERT INTO `visitas` VALUES ('44', '03460', '2017-06-06', '12.2625127', '-86.565179', 'LOCAL', '09:31:22', '09:32:39', 'TIPO VISITA: PEDIDO: F03P06061763', 'PEDIDO');
INSERT INTO `visitas` VALUES ('40', '01291', '2017-06-06', '12.1090731', '-86.296743', 'LOCAL', '08:47:41', '08:47:58', 'TIPO VISITA: COBRO: F13-C060617207', 'COBRO');
INSERT INTO `visitas` VALUES ('40', '01311', '2017-06-06', '12.1090731', '-86.296743', 'LOCAL', '08:54:34', '08:56:26', 'TIPO VISITA: COBRO: F13-C060617208', 'COBRO');
INSERT INTO `visitas` VALUES ('40', '01284', '2017-06-06', '12.1131495', '-86.294919', 'LOCAL', '09:32:11', '09:36:44', 'TIPO VISITA: PEDIDO: F13P06061746', 'PEDIDO');
INSERT INTO `visitas` VALUES ('40', '01291', '2017-06-06', '12.1090731', '-86.296743', 'LOCAL', '08:47:41', '08:47:58', 'TIPO VISITA: COBRO: F13-C060617207', 'COBRO');
INSERT INTO `visitas` VALUES ('40', '01311', '2017-06-06', '12.1090731', '-86.296743', 'LOCAL', '08:54:34', '08:56:26', 'TIPO VISITA: COBRO: F13-C060617208', 'COBRO');
INSERT INTO `visitas` VALUES ('40', '01284', '2017-06-06', '12.1131495', '-86.294919', 'LOCAL', '09:32:11', '09:36:44', 'TIPO VISITA: PEDIDO: F13P06061746', 'PEDIDO');
INSERT INTO `visitas` VALUES ('39', '03446', '2017-06-06', '12.7486458', '-86.738965', 'LOCAL', '09:40:57', '09:44:23', 'TIPO VISITA: PEDIDO: F06P06061742', 'PEDIDO');
INSERT INTO `visitas` VALUES ('44', '03460', '2017-06-06', '12.2625127', '-86.565179', 'LOCAL', '09:30:54', '09:31:18', 'TIPO VISITA: COBRO: F03-C060617218', 'COBRO');
INSERT INTO `visitas` VALUES ('44', '03460', '2017-06-06', '12.2625127', '-86.565179', 'LOCAL', '09:31:22', '09:32:39', 'TIPO VISITA: PEDIDO: F03P06061763', 'PEDIDO');
INSERT INTO `visitas` VALUES ('44', '03440', '2017-06-06', '12.2354329', '-86.430079', 'LOCAL', '09:45:12', '09:45:34', 'TIPO VISITA: COBRO: F03-C060617219', 'COBRO');
INSERT INTO `visitas` VALUES ('39', '03451', '2017-06-06', '12.7448554', '-86.740159', 'LOCAL', '09:45:12', '09:46:26', 'TIPO VISITA: PEDIDO: F06P06061743', 'PEDIDO');
INSERT INTO `visitas` VALUES ('12', '00984', '2017-06-05', '11.4943341', '-85.857330', 'NOLOC', '10:56:41', '10:58:01', 'TIPO VISITA: PEDIDO: F08P05061731', 'PEDIDO');
INSERT INTO `visitas` VALUES ('45', '03212', '2017-06-05', '0.0', '0.0', 'LOCAL', '15:11:02', '15:16:52', 'TIPO VISITA: PEDIDO: F08P05061732', 'PEDIDO');
INSERT INTO `visitas` VALUES ('45', '03212', '2017-06-05', '0.0', '0.0', 'LOCAL', '15:16:54', '15:17:56', 'TIPO VISITA: COBRO: 12-C050617201', 'COBRO');
INSERT INTO `visitas` VALUES ('45', '00251', '2017-06-05', '0.0', '0.0', 'NOLOC', '15:35:14', '15:36:05', 'TIPO VISITA: COBRO: 12-C050617202', 'COBRO');
INSERT INTO `visitas` VALUES ('45', '00251', '2017-06-05', '0.0', '0.0', 'NOLOC', '15:36:18', '15:38:07', 'TIPO VISITA: PEDIDO: F08P05061733', 'PEDIDO');
INSERT INTO `visitas` VALUES ('45', '00138', '2017-06-06', '11.9124085', '-86.20489', 'LOCAL', '09:42:31', '09:43:23', 'TIPO VISITA: COBRO: 12-C060617203', 'COBRO');
INSERT INTO `visitas` VALUES ('45', '00138', '2017-06-06', '11.9124085', '-86.20489', 'LOCAL', '09:43:26', '09:45:08', 'TIPO VISITA: PEDIDO: F08P06061734', 'PEDIDO');
INSERT INTO `visitas` VALUES ('39', '03444', '2017-06-06', '12.7522332', '-86.738965', 'LOCAL', '10:15:11', '10:16:11', 'TIPO VISITA: PEDIDO: F06P06061744', 'PEDIDO');
INSERT INTO `visitas` VALUES ('39', '03225', '2017-06-06', '12.7522332', '-86.738965', 'LOCAL', '10:17:44', '10:18:09', 'TIPO VISITA: PEDIDO: F06P06061745', 'PEDIDO');
INSERT INTO `visitas` VALUES ('43', '01348', '2017-06-06', '12.6258183', '-87.132282', 'LOCAL', '10:17:35', '10:18:14', 'TIPO VISITA: PEDIDO: F14P06061746', 'PEDIDO');
INSERT INTO `visitas` VALUES ('50', '02103', '2017-06-06', '0.0', '0.0', 'NOLOC', '10:26:09', '10:26:32', 'TIPO VISITA: PEDIDO: F19P06061738', 'PEDIDO');
INSERT INTO `visitas` VALUES ('50', '01630', '2017-06-06', '0.0', '0.0', 'LOCAL', '10:32:08', '10:36:26', 'TIPO VISITA: PEDIDO: F19P06061739', 'PEDIDO');
INSERT INTO `visitas` VALUES ('40', '00693', '2017-06-06', '12.1124983', '-86.296227', 'LOCAL', '10:24:33', '10:30:23', 'TIPO VISITA: COBRO: F13-C060617209', 'COBRO');
INSERT INTO `visitas` VALUES ('40', '03455', '2017-06-06', '12.0991241', '-86.299359', 'LOCAL', '10:45:57', '10:50:48', 'TIPO VISITA: PEDIDO: F13P06061747', 'PEDIDO');
INSERT INTO `visitas` VALUES ('44', '03394', '2017-06-06', '12.19995', '-86.384670', 'LOCAL', '10:52:28', '10:52:40', 'TIPO VISITA: COBRO: F03-C060617220', 'COBRO');
INSERT INTO `visitas` VALUES ('44', '03146', '2017-06-06', '12.1981083', '-86.387123', 'LOCAL', '11:15:32', '11:16:11', 'TIPO VISITA: PEDIDO: F03P06061764', 'PEDIDO');
INSERT INTO `visitas` VALUES ('43', '01606', '2017-06-06', '12.5844388', '-87.027338', 'LOCAL', '10:55:05', '10:55:44', 'TIPO VISITA: PEDIDO: F14P06061747', 'PEDIDO');
INSERT INTO `visitas` VALUES ('43', '01606', '2017-06-06', '12.5844388', '-87.027338', 'LOCAL', '10:55:45', '10:56:46', 'TIPO VISITA: COBRO: F14-C060617222', 'COBRO');
INSERT INTO `visitas` VALUES ('43', '03300', '2017-06-06', '12.5743087', '-87.028361', 'LOCAL', '11:20:03', '11:21:56', 'TIPO VISITA: PEDIDO: F14P06061748', 'PEDIDO');
INSERT INTO `visitas` VALUES ('42', '00165', '2017-06-06', '11.9328571', '-85.958138', 'LOCAL', '11:25:03', '11:26:07', 'TIPO VISITA: PEDIDO: F07P06061737', 'PEDIDO');
INSERT INTO `visitas` VALUES ('42', '00170', '2017-06-06', '11.9328581', '-85.958146', 'LOCAL', '11:27:10', '11:27:42', 'TIPO VISITA: PEDIDO: F07P06061738', 'PEDIDO');
INSERT INTO `visitas` VALUES ('39', '03452', '2017-06-06', '12.7531558', '-86.738878', 'LOCAL', '11:33:48', '11:34:16', 'TIPO VISITA: PEDIDO: F06P06061746', 'PEDIDO');
INSERT INTO `visitas` VALUES ('40', '00067', '2017-06-06', '12.0965997', '-86.302293', 'LOCAL', '11:33:11', '11:41:38', 'TIPO VISITA: COBRO: F13-C060617210', 'COBRO');
INSERT INTO `visitas` VALUES ('44', '01107', '2017-06-06', '12.1680642', '-86.351141', 'LOCAL', '11:42:44', '11:43:06', 'TIPO VISITA: PEDIDO: F03P06061765', 'PEDIDO');
INSERT INTO `visitas` VALUES ('31', '03240', '2017-06-06', '12.129092', '-85.353254', 'LOCAL', '09:16:51', '09:23:51', 'TIPO VISITA: PEDIDO: F11P06061738', 'PEDIDO');
INSERT INTO `visitas` VALUES ('31', '03207', '2017-06-06', '12.1001411', '-85.382049', 'LOCAL', '11:51:48', '11:52:19', 'TIPO VISITA: PEDIDO: F11P06061739', 'PEDIDO');
INSERT INTO `visitas` VALUES ('0', '03171', '2017-06-05', '12.1288523', '-86.299161', 'LOCAL', '15:00:44', '15:00:58', 'TIPO VISITA: COBRO: F04-C050617207', 'COBRO');
INSERT INTO `visitas` VALUES ('0', '01792', '2017-06-06', '12.1476344', '-86.257048', 'LOCAL', '08:37:23', '08:38:48', 'TIPO DE VISITA: RAZON: F04R0606172', 'RAZON');
INSERT INTO `visitas` VALUES ('0', '01466', '2017-06-06', '12.1477444', '-86.260981', 'LOCAL', '09:44:24', '09:44:38', 'TIPO DE VISITA: RAZON: F04R0606173', 'RAZON');
INSERT INTO `visitas` VALUES ('0', '00090', '2017-06-06', '12.1473103', '-86.262426', 'LOCAL', '10:27:42', '10:28:59', 'TIPO DE VISITA: RAZON: F04R0606174', 'RAZON');
INSERT INTO `visitas` VALUES ('0', '00090', '2017-06-06', '12.1473103', '-86.262426', 'LOCAL', '10:29:22', '10:29:33', 'TIPO DE VISITA: RAZON: F04R0606175', 'RAZON');
INSERT INTO `visitas` VALUES ('0', '01431', '2017-06-06', '12.151149', '-86.259506', 'LOCAL', '10:59:26', '10:59:39', 'TIPO DE VISITA: RAZON: F04R0606176', 'RAZON');
INSERT INTO `visitas` VALUES ('0', '02134', '2017-06-06', '12.1433744', '-86.264900', 'LOCAL', '11:26:57', '11:27:13', 'TIPO DE VISITA: RAZON: F04R0606177', 'RAZON');
INSERT INTO `visitas` VALUES ('0', '01772', '2017-06-06', '12.1466407', '-86.262441', 'LOCAL', '11:37:34', '11:37:56', 'TIPO DE VISITA: RAZON: F04R0606178', 'RAZON');
INSERT INTO `visitas` VALUES ('0', '01772', '2017-06-06', '12.1466407', '-86.262441', 'LOCAL', '11:38:29', '11:56:51', 'TIPO VISITA: PEDIDO: F04P06061735', 'PEDIDO');
INSERT INTO `visitas` VALUES ('40', '01646', '2017-06-06', '12.1052704', '-86.297826', 'LOCAL', '12:26:09', '12:31:41', 'TIPO VISITA: PEDIDO: F13P06061748', 'PEDIDO');
INSERT INTO `visitas` VALUES ('44', '01202', '2017-06-06', '12.1631537', '-86.357204', 'LOCAL', '12:45:09', '12:45:54', 'TIPO VISITA: PEDIDO: F03P06061766', 'PEDIDO');
INSERT INTO `visitas` VALUES ('44', '01203', '2017-06-06', '12.1635156', '-86.357486', 'NOLOC', '13:18:58', '13:20:05', 'TIPO VISITA: PEDIDO: F03P06061767', 'PEDIDO');
INSERT INTO `visitas` VALUES ('40', '00829', '2017-06-06', '12.1072395', '-86.296346', 'LOCAL', '12:37:38', '12:37:49', 'TIPO VISITA: COBRO: F13-C060617211', 'COBRO');
INSERT INTO `visitas` VALUES ('40', '01378', '2017-06-06', '12.125435', '-86.300310', 'LOCAL', '13:36:13', '13:39:32', 'TIPO VISITA: PEDIDO: F13P06061749', 'PEDIDO');
INSERT INTO `visitas` VALUES ('43', '03310', '2017-06-06', '12.572497', '-87.027531', 'LOCAL', '11:48:17', '11:51:07', 'TIPO VISITA: PEDIDO: F14P06061749', 'PEDIDO');
INSERT INTO `visitas` VALUES ('43', '01612', '2017-06-06', '12.5708228', '-87.029377', 'LOCAL', '12:03:49', '12:29:57', 'TIPO VISITA: PEDIDO: F14P06061750', 'PEDIDO');
INSERT INTO `visitas` VALUES ('43', '01608', '2017-06-06', '12.5749621', '-87.025676', 'LOCAL', '13:35:37', '13:48:03', 'TIPO VISITA: PEDIDO: F14P06061751', 'PEDIDO');
INSERT INTO `visitas` VALUES ('0', '03177', '2017-06-06', '0.0', '0.0', 'LOCAL', '13:49:45', '13:53:42', 'TIPO VISITA: COBRO: F04-C060617208', 'COBRO');
INSERT INTO `visitas` VALUES ('0', '00853', '2017-06-06', '12.1498566', '-86.259545', 'LOCAL', '14:03:26', '14:03:40', 'TIPO DE VISITA: RAZON: F04R0606179', 'RAZON');
INSERT INTO `visitas` VALUES ('39', '03452', '2017-06-06', '12.5936852', '-86.678519', 'LOCAL', '14:05:09', '14:05:39', 'TIPO VISITA: PEDIDO: F06P06061747', 'PEDIDO');
INSERT INTO `visitas` VALUES ('44', '02562', '2017-06-06', '12.165415', '-86.363376', 'LOCAL', '14:07:22', '14:08:03', 'TIPO VISITA: PEDIDO: F03P06061768', 'PEDIDO');
INSERT INTO `visitas` VALUES ('48', '01762', '2017-06-06', '13.0913608', '-86.359694', 'LOCAL', '14:10:09', '14:11:20', 'TIPO VISITA: PEDIDO: F09P06061750', 'PEDIDO');
INSERT INTO `visitas` VALUES ('48', '00761', '2017-06-06', '13.0913608', '-86.359694', 'LOCAL', '14:12:10', '14:12:47', 'TIPO VISITA: PEDIDO: F09P06061751', 'PEDIDO');
INSERT INTO `visitas` VALUES ('48', '00753', '2017-06-06', '13.0913608', '-86.359694', 'LOCAL', '14:13:28', '14:13:54', 'TIPO VISITA: PEDIDO: F09P06061752', 'PEDIDO');
INSERT INTO `visitas` VALUES ('48', '00756', '2017-06-06', '13.0913608', '-86.359694', 'LOCAL', '14:14:24', '14:16:03', 'TIPO VISITA: PEDIDO: F09P06061753', 'PEDIDO');
INSERT INTO `visitas` VALUES ('43', '01613', '2017-06-06', '12.5742859', '-87.026041', 'LOCAL', '14:01:09', '14:16:41', 'TIPO VISITA: PEDIDO: F14P06061752', 'PEDIDO');
INSERT INTO `visitas` VALUES ('46', '01297', '2017-06-06', '12.1424645', '-86.237017', 'NOLOC', '14:17:26', '14:18:35', 'TIPO VISITA: PEDIDO: F05P06061744', 'PEDIDO');
INSERT INTO `visitas` VALUES ('42', '02364', '2017-06-06', '11.9213948', '-85.955055', 'LOCAL', '14:50:27', '14:51:38', 'TIPO VISITA: PEDIDO: F07P06061739', 'PEDIDO');
INSERT INTO `visitas` VALUES ('31', '02176', '2017-06-06', '12.1060976', '-85.373668', 'LOCAL', '14:01:05', '14:17:53', 'TIPO VISITA: PEDIDO: F11P06061740', 'PEDIDO');
INSERT INTO `visitas` VALUES ('31', '02493', '2017-06-06', '12.1009683', '-85.369412', 'LOCAL', '14:30:29', '15:11:45', 'TIPO VISITA: PEDIDO: F11P06061741', 'PEDIDO');
INSERT INTO `visitas` VALUES ('52', '02291', '2017-06-06', '12.9358627', '-85.918046', 'LOCAL', '15:13:46', '15:14:46', 'TIPO VISITA: PEDIDO: F10P06061738', 'PEDIDO');
INSERT INTO `visitas` VALUES ('44', '03196', '2017-06-06', '12.1549462', '-86.360338', 'LOCAL', '15:31:34', '15:33:21', 'TIPO VISITA: PEDIDO: F03P06061769', 'PEDIDO');
INSERT INTO `visitas` VALUES ('39', '01978', '2017-06-06', '12.5225936', '-86.858493', 'LOCAL', '14:40:19', '14:41:00', 'TIPO VISITA: PEDIDO: F06P06061748', 'PEDIDO');
INSERT INTO `visitas` VALUES ('39', '01916', '2017-06-06', '12.5225936', '-86.858493', 'LOCAL', '15:52:28', '15:54:04', 'TIPO VISITA: PEDIDO: F06P06061749', 'PEDIDO');
INSERT INTO `visitas` VALUES ('48', '01011', '2017-06-06', '13.0837418', '-86.354942', 'LOCAL', '16:01:37', '16:02:05', 'TIPO VISITA: PEDIDO: F09P06061754', 'PEDIDO');
INSERT INTO `visitas` VALUES ('48', '03356', '2017-06-06', '13.0721855', '-86.351458', 'LOCAL', '16:21:02', '16:23:54', 'TIPO VISITA: PEDIDO: F09P06061755', 'PEDIDO');
INSERT INTO `visitas` VALUES ('51', '00581', '2017-06-06', '12.9244999', '-85.223163', 'LOCAL', '07:40:09', '07:44:35', 'TIPO VISITA: PEDIDO: F20P06061739', 'PEDIDO');
INSERT INTO `visitas` VALUES ('51', '03295', '2017-06-06', '13.1806238', '-84.954279', 'LOCAL', '09:07:48', '09:10:11', 'TIPO VISITA: PEDIDO: F20P06061740', 'PEDIDO');
INSERT INTO `visitas` VALUES ('51', '03248', '2017-06-06', '13.727632', '-84.777084', 'LOCAL', '15:09:42', '15:16:07', 'TIPO VISITA: PEDIDO: F20P06061741', 'PEDIDO');
INSERT INTO `visitas` VALUES ('51', '03411', '2017-06-06', '13.7309208', '-84.779041', 'LOCAL', '15:50:55', '15:54:02', 'TIPO VISITA: PEDIDO: F20P06061742', 'PEDIDO');
INSERT INTO `visitas` VALUES ('51', '00581', '2017-06-06', '13.7309208', '-84.779041', 'LOCAL', '16:22:00', '16:35:39', 'TIPO VISITA: PEDIDO: F20P06061743', 'PEDIDO');
INSERT INTO `visitas` VALUES ('51', '00581', '2017-06-06', '12.9244999', '-85.223163', 'LOCAL', '07:40:09', '07:44:35', 'TIPO VISITA: PEDIDO: F20P06061739', 'PEDIDO');
INSERT INTO `visitas` VALUES ('51', '03295', '2017-06-06', '13.1806238', '-84.954279', 'LOCAL', '09:07:48', '09:10:11', 'TIPO VISITA: PEDIDO: F20P06061740', 'PEDIDO');
INSERT INTO `visitas` VALUES ('51', '03248', '2017-06-06', '13.727632', '-84.777084', 'LOCAL', '15:09:42', '15:16:07', 'TIPO VISITA: PEDIDO: F20P06061741', 'PEDIDO');
INSERT INTO `visitas` VALUES ('51', '03411', '2017-06-06', '13.7309208', '-84.779041', 'LOCAL', '15:50:55', '15:54:02', 'TIPO VISITA: PEDIDO: F20P06061742', 'PEDIDO');
INSERT INTO `visitas` VALUES ('51', '00581', '2017-06-06', '13.7309208', '-84.779041', 'LOCAL', '16:22:00', '16:35:39', 'TIPO VISITA: PEDIDO: F20P06061743', 'PEDIDO');
INSERT INTO `visitas` VALUES ('51', '03486', '2017-06-06', '13.7309208', '-84.779041', 'LOCAL', '17:19:53', '17:21:55', 'TIPO VISITA: PEDIDO: F20P06061744', 'PEDIDO');
INSERT INTO `visitas` VALUES ('52', '00498', '2017-06-07', '12.9358618', '-85.917986', 'LOCAL', '08:06:25', '08:08:34', 'TIPO VISITA: PEDIDO: F10P07061739', 'PEDIDO');
INSERT INTO `visitas` VALUES ('44', '01059', '2017-06-07', '12.1520185', '-86.303187', 'LOCAL', '08:50:32', '08:50:58', 'TIPO VISITA: PEDIDO: F03P07061770', 'PEDIDO');
INSERT INTO `visitas` VALUES ('43', '01374', '2017-06-07', '12.6275518', '-87.145377', 'LOCAL', '08:51:23', '08:52:42', 'TIPO VISITA: PEDIDO: F14P07061753', 'PEDIDO');
INSERT INTO `visitas` VALUES ('43', '01374', '2017-06-07', '12.6275518', '-87.145377', 'LOCAL', '08:52:45', '08:54:02', 'TIPO VISITA: COBRO: F14-C070617223', 'COBRO');
INSERT INTO `visitas` VALUES ('44', '00965', '2017-06-07', '12.1445245', '-86.297575', 'LOCAL', '09:07:45', '09:08:16', 'TIPO VISITA: COBRO: F03-C070617221', 'COBRO');
INSERT INTO `visitas` VALUES ('43', '03352', '2017-06-07', '12.6263752', '-87.144851', 'LOCAL', '09:06:56', '09:08:51', 'TIPO VISITA: PEDIDO: F14P07061754', 'PEDIDO');
INSERT INTO `visitas` VALUES ('51', '00597', '2017-06-06', '13.727632', '-84.777084', 'LOCAL', '18:16:05', '18:18:57', 'TIPO VISITA: PEDIDO: F20P06061745', 'PEDIDO');
INSERT INTO `visitas` VALUES ('51', '03467', '2017-06-06', '13.727632', '-84.777084', 'LOCAL', '18:22:59', '18:28:05', 'TIPO VISITA: PEDIDO: F20P06061746', 'PEDIDO');
INSERT INTO `visitas` VALUES ('51', '00581', '2017-06-07', '13.6775717', '-84.534784', 'LOCAL', '09:28:18', '09:29:42', 'TIPO VISITA: PEDIDO: F20P07061747', 'PEDIDO');
INSERT INTO `visitas` VALUES ('51', '03093', '2017-06-07', '13.6767877', '-84.526642', 'LOCAL', '09:30:38', '09:31:28', 'TIPO VISITA: PEDIDO: F20P07061748', 'PEDIDO');
INSERT INTO `visitas` VALUES ('40', '03132', '2017-06-07', '11.8475977', '-86.442595', 'LOCAL', '09:12:46', '09:32:32', 'TIPO VISITA: PEDIDO: F13P07061750', 'PEDIDO');
INSERT INTO `visitas` VALUES ('51', '03089', '2017-06-07', '13.6770542', '-84.538764', 'LOCAL', '09:32:18', '09:35:02', 'TIPO VISITA: PEDIDO: F20P07061749', 'PEDIDO');
INSERT INTO `visitas` VALUES ('44', '01310', '2017-06-07', '12.1437137', '-86.304232', 'LOCAL', '09:36:23', '09:37:00', 'TIPO VISITA: PEDIDO: F03P07061771', 'PEDIDO');
INSERT INTO `visitas` VALUES ('44', '01059', '2017-06-07', '12.1518721', '-86.309694', 'LOCAL', '09:40:54', '09:43:06', 'TIPO VISITA: PEDIDO: F03P07061772', 'PEDIDO');
INSERT INTO `visitas` VALUES ('52', '03466', '2017-06-07', '12.9368249', '-85.911619', 'LOCAL', '10:17:46', '10:18:33', 'TIPO VISITA: PEDIDO: F10P07061740', 'PEDIDO');
INSERT INTO `visitas` VALUES ('31', '00389', '2017-06-07', '12.0665457', '-85.091090', 'LOCAL', '10:14:33', '10:27:00', 'TIPO VISITA: PEDIDO: F11P07061742', 'PEDIDO');
INSERT INTO `visitas` VALUES ('43', '03276', '2017-06-07', '12.6281009', '-87.141198', 'LOCAL', '10:13:23', '10:28:18', 'TIPO VISITA: PEDIDO: F14P07061755', 'PEDIDO');
INSERT INTO `visitas` VALUES ('0', '00201', '2017-06-06', '12.1492884', '-86.257086', 'LOCAL', '14:50:48', '14:51:28', 'TIPO DE VISITA: RAZON: F04R06061710', 'RAZON');
INSERT INTO `visitas` VALUES ('0', '03171', '2017-06-06', '12.1283061', '-86.299961', 'LOCAL', '15:33:56', '15:36:16', 'TIPO VISITA: COBRO: F04-C060617209', 'COBRO');
INSERT INTO `visitas` VALUES ('0', '03390', '2017-06-06', '12.1465572', '-86.239706', 'LOCAL', '17:02:29', '17:03:24', 'TIPO DE VISITA: RAZON: F04R06061711', 'RAZON');
INSERT INTO `visitas` VALUES ('0', '01312', '2017-06-07', '12.1385401', '-86.253515', 'LOCAL', '09:40:47', '09:47:41', 'TIPO VISITA: PEDIDO: F04P07061736', 'PEDIDO');
INSERT INTO `visitas` VALUES ('0', '03390', '2017-06-07', '12.1465572', '-86.239706', 'LOCAL', '10:13:54', '10:16:29', 'TIPO VISITA: PEDIDO: F04P07061737', 'PEDIDO');
INSERT INTO `visitas` VALUES ('0', '03390', '2017-06-07', '12.1465572', '-86.239706', 'LOCAL', '10:17:59', '10:26:35', 'TIPO VISITA: PEDIDO: F04P07061738', 'PEDIDO');
INSERT INTO `visitas` VALUES ('50', '02575', '2017-06-06', '0.0', '0.0', 'LOCAL', '15:39:50', '15:40:10', 'TIPO VISITA: PEDIDO: F19P06061740', 'PEDIDO');
INSERT INTO `visitas` VALUES ('50', '00940', '2017-06-07', '0.0', '0.0', 'LOCAL', '10:31:58', '10:35:38', 'TIPO VISITA: PEDIDO: F19P07061741', 'PEDIDO');
INSERT INTO `visitas` VALUES ('44', '01419', '2017-06-07', '12.1460398', '-86.304234', 'LOCAL', '10:37:44', '10:38:09', 'TIPO VISITA: PEDIDO: F03P07061773', 'PEDIDO');
INSERT INTO `visitas` VALUES ('49', '00334', '2017-06-07', '12.065702', '-85.090552', 'LOCAL', '10:38:13', '10:40:57', 'TIPO VISITA: PEDIDO: F11P07061743', 'PEDIDO');
INSERT INTO `visitas` VALUES ('46', '03335', '2017-06-07', '12.1469785', '-86.192845', 'NOLOC', '10:54:24', '10:55:08', 'TIPO VISITA: PEDIDO: F05P07061745', 'PEDIDO');
INSERT INTO `visitas` VALUES ('44', '01533', '2017-06-07', '12.1490559', '-86.289646', 'LOCAL', '11:11:57', '11:12:50', 'TIPO VISITA: PEDIDO: F03P07061774', 'PEDIDO');
INSERT INTO `visitas` VALUES ('40', '02318', '2017-06-07', '11.9813973', '-86.513515', 'LOCAL', '11:20:07', '11:23:11', 'TIPO VISITA: PEDIDO: F13P07061751', 'PEDIDO');
INSERT INTO `visitas` VALUES ('42', '03184', '2017-06-07', '11.914774', '-86.142899', 'LOCAL', '09:21:18', '09:22:20', 'TIPO VISITA: PEDIDO: F07P07061740', 'PEDIDO');
INSERT INTO `visitas` VALUES ('42', '01811', '2017-06-07', '11.9113985', '-86.076670', 'LOCAL', '11:28:01', '11:28:49', 'TIPO VISITA: PEDIDO: F07P07061741', 'PEDIDO');
INSERT INTO `visitas` VALUES ('42', '02046', '2017-06-07', '11.9114364', '-86.076591', 'LOCAL', '11:31:57', '11:34:06', 'TIPO VISITA: PEDIDO: F07P07061742', 'PEDIDO');
INSERT INTO `visitas` VALUES ('42', '02046', '2017-06-07', '11.9114478', '-86.076610', 'LOCAL', '11:34:34', '11:35:51', 'TIPO VISITA: PEDIDO: F07P07061743', 'PEDIDO');
INSERT INTO `visitas` VALUES ('44', '00828', '2017-06-07', '12.1520147', '-86.307553', 'LOCAL', '11:38:36', '11:39:17', 'TIPO VISITA: PEDIDO: F03P07061775', 'PEDIDO');
INSERT INTO `visitas` VALUES ('50', '01753', '2017-06-07', '12.1364497', '-86.226778', 'NOLOC', '12:17:21', '12:19:11', 'TIPO VISITA: PEDIDO: F19P07061742', 'PEDIDO');
INSERT INTO `visitas` VALUES ('43', '03142', '2017-06-07', '12.6286184', '-87.129848', 'LOCAL', '11:30:15', '11:30:51', 'TIPO VISITA: COBRO: F14-C070617224', 'COBRO');
INSERT INTO `visitas` VALUES ('43', '02492', '2017-06-07', '12.6267917', '-87.128306', 'LOCAL', '12:18:38', '12:22:15', 'TIPO VISITA: PEDIDO: F14P07061756', 'PEDIDO');
INSERT INTO `visitas` VALUES ('52', '00498', '2017-06-07', '12.9358156', '-85.917906', 'LOCAL', '12:31:59', '12:33:26', 'TIPO VISITA: PEDIDO: F10P07061741', 'PEDIDO');
INSERT INTO `visitas` VALUES ('44', '01310', '2017-06-07', '12.1572651', '-86.314291', 'LOCAL', '12:30:50', '12:32:35', 'TIPO VISITA: PEDIDO: F03P07061776', 'PEDIDO');
INSERT INTO `visitas` VALUES ('51', '02150', '2017-06-07', '13.9266763', '-84.404955', 'LOCAL', '11:46:19', '12:14:56', 'TIPO VISITA: PEDIDO: F20P07061750', 'PEDIDO');
INSERT INTO `visitas` VALUES ('51', '02150', '2017-06-07', '13.9266763', '-84.404955', 'LOCAL', '11:46:19', '12:14:56', 'TIPO VISITA: PEDIDO: F20P07061750', 'PEDIDO');
INSERT INTO `visitas` VALUES ('39', '00025', '2017-06-07', '12.4321058', '-86.842583', 'LOCAL', '12:50:22', '12:53:05', 'TIPO VISITA: PEDIDO: F06P07061750', 'PEDIDO');
INSERT INTO `visitas` VALUES ('42', '01823', '2017-06-07', '11.9776041', '-86.104098', 'LOCAL', '13:08:37', '13:09:27', 'TIPO VISITA: PEDIDO: F07P07061744', 'PEDIDO');
INSERT INTO `visitas` VALUES ('49', '03438', '2017-06-07', '11.9959884', '-84.850842', 'LOCAL', '12:07:22', '12:24:31', 'TIPO VISITA: PEDIDO: F11P07061744', 'PEDIDO');
INSERT INTO `visitas` VALUES ('51', '02150', '2017-06-07', '13.9260603', '-84.403682', 'LOCAL', '14:09:33', '14:10:00', 'TIPO VISITA: PEDIDO: F20P07061751', 'PEDIDO');
INSERT INTO `visitas` VALUES ('39', '03098', '2017-06-07', '12.4321058', '-86.842583', 'LOCAL', '14:14:00', '14:15:17', 'TIPO VISITA: PEDIDO: F06P07061751', 'PEDIDO');
INSERT INTO `visitas` VALUES ('44', '03061', '2017-06-07', '12.1500369', '-86.292154', 'LOCAL', '14:27:15', '14:27:49', 'TIPO VISITA: PEDIDO: F03P07061777', 'PEDIDO');
INSERT INTO `visitas` VALUES ('39', '01094', '2017-06-07', '12.4364573', '-86.878640', 'LOCAL', '14:39:02', '14:41:43', 'TIPO VISITA: PEDIDO: F06P07061752', 'PEDIDO');
INSERT INTO `visitas` VALUES ('39', '00161', '2017-06-07', '12.4364573', '-86.878640', 'LOCAL', '15:00:27', '15:02:55', 'TIPO VISITA: PEDIDO: F06P07061753', 'PEDIDO');
INSERT INTO `visitas` VALUES ('39', '01094', '2017-06-07', '12.4364573', '-86.878640', 'LOCAL', '15:04:25', '15:05:58', 'TIPO VISITA: PEDIDO: F06P07061754', 'PEDIDO');
INSERT INTO `visitas` VALUES ('49', '03517', '2017-06-07', '12.0688501', '-84.540279', 'LOCAL', '13:15:28', '13:53:44', 'TIPO VISITA: PEDIDO: F11P07061745', 'PEDIDO');
INSERT INTO `visitas` VALUES ('49', '02138', '2017-06-07', '12.0685561', '-84.538887', 'LOCAL', '14:10:27', '14:19:26', 'TIPO VISITA: PEDIDO: F11P07061746', 'PEDIDO');
INSERT INTO `visitas` VALUES ('49', '02306', '2017-06-07', '12.149933', '-84.405611', 'LOCAL', '15:06:25', '15:07:28', 'TIPO VISITA: PEDIDO: F11P07061747', 'PEDIDO');
INSERT INTO `visitas` VALUES ('51', '03228', '2017-06-07', '13.9263914', '-84.402369', 'LOCAL', '15:19:53', '15:24:01', 'TIPO VISITA: PEDIDO: F20P07061752', 'PEDIDO');
INSERT INTO `visitas` VALUES ('51', '03228', '2017-06-07', '13.9263914', '-84.402369', 'LOCAL', '15:19:53', '15:24:01', 'TIPO VISITA: PEDIDO: F20P07061752', 'PEDIDO');
INSERT INTO `visitas` VALUES ('52', '02289', '2017-06-08', '0.0', '0.0', 'LOCAL', '12:12:54', '12:14:00', 'TIPO VISITA: PEDIDO: F10P08061751', 'PEDIDO');
INSERT INTO `visitas` VALUES ('0', '03390', '2017-06-08', '0.0', '0.0', 'LOCAL', '12:27:26', '12:41:58', 'TIPO VISITA: PEDIDO: F04P08061738', 'PEDIDO');
INSERT INTO `visitas` VALUES ('0', '03390', '2017-06-08', '0.0', '0.0', 'LOCAL', '12:46:42', '12:47:33', 'TIPO VISITA: PEDIDO: F04P08061739', 'PEDIDO');
INSERT INTO `visitas` VALUES ('0', '01625', '2017-06-08', '0.0', '0.0', 'LOCAL', '12:50:05', '12:50:51', 'TIPO VISITA: PEDIDO: F04P08061740', 'PEDIDO');
INSERT INTO `visitas` VALUES ('0', '00041', '2017-06-08', '0.0', '0.0', 'LOCAL', '12:52:10', '12:53:41', 'TIPO VISITA: PEDIDO: F04P08061741', 'PEDIDO');
INSERT INTO `visitas` VALUES ('0', '01193', '2017-06-08', '0.0', '0.0', 'LOCAL', '12:58:28', '12:59:24', 'TIPO VISITA: PEDIDO: F04P08061742', 'PEDIDO');
INSERT INTO `visitas` VALUES ('0', '01193', '2017-06-08', '0.0', '0.0', 'LOCAL', '13:13:44', '13:16:57', 'TIPO VISITA: PEDIDO: F04P08061743', 'PEDIDO');
INSERT INTO `visitas` VALUES ('0', '02592', '2017-06-08', '0.0', '0.0', 'LOCAL', '15:58:20', '16:01:17', 'TIPO VISITA: PEDIDO: F20P08061751', 'PEDIDO');
INSERT INTO `visitas` VALUES ('51', '03102', '2017-06-08', '0.0', '0.0', 'LOCAL', '18:54:44', '18:55:37', 'TIPO VISITA: PEDIDO: F20P08061752', 'PEDIDO');

-- ----------------------------
-- View structure for actividades
-- ----------------------------
DROP VIEW IF EXISTS `actividades`;
CREATE ALGORITHM=UNDEFINED DEFINER=`root`@`localhost`  VIEW `actividades` AS select `a`.`IDACTIVIDAD` AS `IDACTIVIDAD`,`a`.`ACTIVIDAD` AS `ACTIVIDAD`,`a`.`IDCATEGORIA` AS `IDCATEGORIA`,`c`.`CATEGORIA` AS `CATEGORIA` from (`actividad` `a` join `categoria` `c` on((`a`.`IDCATEGORIA` = `c`.`IDCATEGORIA`))) order by `c`.`CATEGORIA`,`a`.`ACTIVIDAD` ;

-- ----------------------------
-- View structure for view_grupoasignacion
-- ----------------------------
DROP VIEW IF EXISTS `view_grupoasignacion`;
CREATE ALGORITHM=UNDEFINED DEFINER=`root`@`localhost`  VIEW `view_grupoasignacion` AS SELECT
grupos.IdGrupo,
grupos.NombreGrupo,
grupos.IdResponsable,
usuario.Usuario AS ResponsableUsuario,
usuario.Nombre AS ResponsableNombre,
grupos.Estado,
grupo_asignacion.IdVendedor,
t1.Usuario AS Ruta,
t1.Nombre AS NombreRuta,
grupo_asignacion.Estado AS EstadoVendedor
FROM
grupos
INNER JOIN grupo_asignacion ON grupo_asignacion.IdGrupo = grupos.IdGrupo
INNER JOIN usuario AS t1 ON t1.IdUser = grupo_asignacion.IdVendedor
INNER JOIN usuario ON usuario.IdUser = grupos.IdResponsable 
WHERE grupos.Estado = '1' ;

-- ----------------------------
-- View structure for view_mispedidos
-- ----------------------------
DROP VIEW IF EXISTS `view_mispedidos`;
CREATE ALGORITHM=UNDEFINED DEFINER=`root`@`localhost` SQL SECURITY DEFINER  VIEW `view_mispedidos` AS SELECT
	pedido.IDPEDIDO,
	pedido.ESTADO,
	IFNULL(
		CONCAT(anulaciones.COMENTARIO,' - FECHA ANULACION: ',DATE_FORMAT(anulaciones.FECHA,'%m/%d/%Y %h:%i %p')),
		'NO HAY COMENTARIO'
	) COMENTARIO,
	IFNULL(pedido.COMENTARIO_CONFIR,'NO HAY COMENTARIO') CONFIRMACION
FROM
	pedido
LEFT JOIN anulaciones ON pedido.IDPEDIDO = anulaciones.IDPEDIDO ;

-- ----------------------------
-- View structure for view_misrutas
-- ----------------------------
DROP VIEW IF EXISTS `view_misrutas`;
CREATE ALGORITHM=UNDEFINED DEFINER=`root`@`localhost`  VIEW `view_misrutas` AS SELECT
	group_concat(
		'\'',
		`view_grupoasignacion`.`Ruta`,
		'\'' SEPARATOR ','
	) AS `RUTA`,
	`view_grupoasignacion`.`IdResponsable` AS `IdResponsable`
FROM
	`view_grupoasignacion`
GROUP BY
	`view_grupoasignacion`.`IdResponsable` ;

-- ----------------------------
-- View structure for view_usuario
-- ----------------------------
DROP VIEW IF EXISTS `view_usuario`;
CREATE ALGORITHM=UNDEFINED DEFINER=`root`@`localhost`  VIEW `view_usuario` AS SELECT
usuario.IdUser,
usuario.Usuario,
usuario.Nombre,
usuario.`Password`,
usuario.Rol,
usuario.Activo,
llaves.RUTA,
llaves.PEDIDO,
llaves.COBRO,
llaves.RAZON
FROM
usuario
INNER JOIN llaves ON usuario.Usuario = llaves.RUTA ;

-- ----------------------------
-- View structure for vtsplanes
-- ----------------------------
DROP VIEW IF EXISTS `vtsplanes`;
CREATE ALGORITHM=UNDEFINED DEFINER=`root`@`localhost`  VIEW `vtsplanes` AS SELECT 
T0.IdPlan,
T0.Vendedor,
T0.Ruta,
T0.Inicia,
T0.Termina,
T0.Zona,
T0.Estado,
T1.Lunes,
T1.Martes,
T1.Miercoles,
T1.Jueves,
T1.Viernes,
T1.Obervaciones
FROM agenda T0  INNER JOIN vclientes T1 ON T0.IdPlan=T1.IdPlan ;

-- ----------------------------
-- Procedure structure for SP_Detalle_pedidos
-- ----------------------------
DROP PROCEDURE IF EXISTS `SP_Detalle_pedidos`;
DELIMITER ;;
CREATE DEFINER=`root`@`localhost` PROCEDURE `SP_Detalle_pedidos`(
	IN IDPEDIDO2 CHAR (30),
	IN ARTICULOP CHAR (30),
	IN DESCRIPCIONP CHAR (250),
	IN CANTIDADP CHAR (50),
	IN TOTALP FLOAT (10,4),
	IN BONIFICADOP CHAR (10)
)
BEGIN

#IF EXISTS (SELECT IDPEDIDO FROM pedido_detalle WHERE IDPEDIDO= IDPEDIDO2) THEN

/*BEGIN
	UPDATE pedido SET Estado = 0,
		ARTICULO= ARTICULOP,
		DESCRIPCION = DESCRIPCIONP,
		CANTIDAD = CANTIDADP,
		TOTAL = TOTALP,
		BONIFICADO = BONIFICADOP
	WHERE IDPEDIDO= IDPEDIDO2 ;
	END ;
ELSE*/

BEGIN
	INSERT INTO pedido_detalle (IDPEDIDO, ARTICULO, DESCRIPCION, CANTIDAD, TOTAL, BONIFICADO)
VALUES
	(IDPEDIDO2, ARTICULOP,DESCRIPCIONP,CANTIDADP,TOTALP,BONIFICADOP) ;
END ;

#END IF ;
END
;;
DELIMITER ;

-- ----------------------------
-- Procedure structure for sp_Grafica_Pedido_Vendedor
-- ----------------------------
DROP PROCEDURE IF EXISTS `sp_Grafica_Pedido_Vendedor`;
DELIMITER ;;
CREATE DEFINER=`root`@`localhost` PROCEDURE `sp_Grafica_Pedido_Vendedor`()
BEGIN
  SELECT COUNT(IDPEDIDO) AS CANTIDAD,VENDEDOR AS RUTA FROM pedido
	GROUP BY VENDEDOR;
END
;;
DELIMITER ;

-- ----------------------------
-- Procedure structure for SP_pedidos
-- ----------------------------
DROP PROCEDURE IF EXISTS `SP_pedidos`;
DELIMITER ;;
CREATE DEFINER=`root`@`localhost` PROCEDURE `SP_pedidos`(IN IDPEDIDO2 CHAR (30),
	IN IDVENDEDOR CHAR (30),
	IN IDCLIENTE CHAR (30),
	IN NOMBRECLIENTE CHAR (50),
	IN FECHA CHAR (30),
	IN MONTOP FLOAT (10,4),
	IN ESTADO INT,
	IN RESPONSABLE2 CHAR(30),
	IN COMENT VARCHAR(1000))
BEGIN
IF EXISTS (SELECT IDPEDIDO FROM pedido WHERE IDPEDIDO = IDPEDIDO2 AND ESTADO IN (0,1)) THEN
BEGIN
	UPDATE pedido SET Estado = ESTADO,
		MONTO= MONTOP,
		CLIENTE = IDCLIENTE,
		NOMBRE = NOMBRECLIENTE,
		COMENTARIO = COMENT
	WHERE IDPEDIDO= IDPEDIDO2 ;
	END ;
ELSE

BEGIN
	INSERT INTO pedido (IDPEDIDO, VENDEDOR, CLIENTE, NOMBRE, FECHA_CREADA, MONTO, ESTADO,FECHA_GRABADA,RESPONSABLE,COMENTARIO)
VALUES
	(IDPEDIDO2, IDVENDEDOR,IDCLIENTE,NOMBRECLIENTE,FECHA,MONTOP,1,NOW(),RESPONSABLE2,COMENT) ;
END ;
END IF ;
END
;;
DELIMITER ;
